04/02/2017 13:10,TBR
04/02/2017 20:30,STL
04/03/2017 13:05,WAS
04/03/2017 13:10,NYM
04/03/2017 14:05,BOS
04/03/2017 14:10,MIL
04/03/2017 15:05,BAL
04/03/2017 16:10,CWS
04/03/2017 16:10,MIN
04/03/2017 16:10,CIN
04/03/2017 16:10,LAD
04/03/2017 19:05,TEX
04/03/2017 20:10,HOU
04/03/2017 22:05,OAK
04/04/2017 19:10,TBR
04/04/2017 19:40,MIL
04/04/2017 20:05,TEX
04/04/2017 20:10,HOU
04/04/2017 20:15,STL
04/04/2017 21:40,ARI
04/04/2017 22:05,OAK
04/04/2017 22:10,LAD
04/05/2017 13:10,MIN
04/05/2017 13:45,STL
04/05/2017 14:10,CWS
04/05/2017 19:05,BAL
04/05/2017 19:05,WAS
04/05/2017 19:10,BOS
04/05/2017 19:10,TBR
04/05/2017 19:10,NYM
04/05/2017 19:10,CIN
04/05/2017 20:05,TEX
04/05/2017 20:10,HOU
04/05/2017 20:10,MIL
04/05/2017 21:40,ARI
04/05/2017 22:05,OAK
04/05/2017 22:10,LAD
04/06/2017 12:35,CIN
04/06/2017 13:10,MIN
04/06/2017 13:35,BOS
04/06/2017 13:40,MIL
04/06/2017 14:10,CWS
04/06/2017 15:10,LAD
04/06/2017 15:35,OAK
04/06/2017 16:05,WAS
04/06/2017 19:10,TBR
04/06/2017 19:10,NYM
04/06/2017 20:10,HOU
04/06/2017 21:40,ARI
04/07/2017 13:05,PIT
04/07/2017 13:10,DET
04/07/2017 15:05,PHI
04/07/2017 16:10,COL
04/07/2017 18:40,SDP
04/07/2017 19:05,BAL
04/07/2017 19:10,TBR
04/07/2017 19:10,NYM
04/07/2017 20:05,TEX
04/07/2017 20:10,CWS
04/07/2017 20:10,HOU
04/07/2017 20:10,MIL
04/07/2017 20:15,STL
04/07/2017 21:40,ARI
04/07/2017 22:07,LAA
04/08/2017 13:10,DET
04/08/2017 14:10,CWS
04/08/2017 14:15,STL
04/08/2017 18:10,TBR
04/08/2017 19:05,BAL
04/08/2017 19:05,PHI
04/08/2017 19:05,PIT
04/08/2017 19:10,HOU
04/08/2017 19:10,NYM
04/08/2017 19:10,MIL
04/08/2017 20:05,TEX
04/08/2017 20:10,ARI
04/08/2017 20:10,COL
04/08/2017 20:40,SDP
04/08/2017 22:07,LAA
04/09/2017 13:10,TBR
04/09/2017 13:10,DET
04/09/2017 13:10,NYM
04/09/2017 13:35,BAL
04/09/2017 13:35,PHI
04/09/2017 13:35,PIT
04/09/2017 14:10,CWS
04/09/2017 14:10,HOU
04/09/2017 14:10,MIL
04/09/2017 14:15,STL
04/09/2017 15:05,TEX
04/09/2017 15:10,COL
04/09/2017 15:37,LAA
04/09/2017 16:10,ARI
04/09/2017 16:40,SDP
04/10/2017 13:05,NYY
04/10/2017 13:10,DET
04/10/2017 16:15,KCR
04/10/2017 16:35,SFG
04/10/2017 17:10,SEA
04/10/2017 19:05,PHI
04/10/2017 19:05,WAS
04/10/2017 19:05,PIT
04/10/2017 20:05,CHC
04/10/2017 20:40,COL
04/11/2017 13:10,DET
04/11/2017 16:10,CLE
04/11/2017 19:05,PHI
04/11/2017 19:05,WAS
04/11/2017 19:05,PIT
04/11/2017 19:07,TOR
04/11/2017 19:10,BOS
04/11/2017 19:10,MIA
04/11/2017 20:40,COL
04/11/2017 22:07,LAA
04/11/2017 22:10,SEA
04/11/2017 22:15,SFG
04/12/2017 13:05,NYY
04/12/2017 13:10,DET
04/12/2017 15:10,COL
04/12/2017 16:05,WAS
04/12/2017 18:10,CLE
04/12/2017 19:05,PHI
04/12/2017 19:05,PIT
04/12/2017 19:07,TOR
04/12/2017 19:10,BOS
04/12/2017 19:10,MIA
04/12/2017 20:05,CHC
04/12/2017 20:15,KCR
04/12/2017 22:07,LAA
04/12/2017 22:10,SEA
04/12/2017 22:15,SFG
04/13/2017 13:10,DET
04/13/2017 14:20,CHC
04/13/2017 15:37,LAA
04/13/2017 18:10,CLE
04/13/2017 19:05,NYY
04/13/2017 19:07,TOR
04/13/2017 19:10,MIA
04/13/2017 19:10,CIN
04/13/2017 20:15,KCR
04/13/2017 22:15,SFG
04/14/2017 14:20,CHC
04/14/2017 16:05,WAS
04/14/2017 19:05,NYY
04/14/2017 19:07,TOR
04/14/2017 19:10,BOS
04/14/2017 19:10,CLE
04/14/2017 19:10,MIA
04/14/2017 19:10,CIN
04/14/2017 19:35,ATL
04/14/2017 20:10,MIN
04/14/2017 20:15,KCR
04/14/2017 22:05,OAK
04/14/2017 22:10,SEA
04/14/2017 22:10,LAD
04/14/2017 22:15,SFG
04/15/2017 13:05,NYY
04/15/2017 13:05,WAS
04/15/2017 13:07,TOR
04/15/2017 13:10,CIN
04/15/2017 14:10,MIN
04/15/2017 14:20,CHC
04/15/2017 16:05,BOS
04/15/2017 16:05,OAK
04/15/2017 16:05,SFG
04/15/2017 16:10,CLE
04/15/2017 19:10,ATL
04/15/2017 19:10,MIA
04/15/2017 19:15,KCR
04/15/2017 21:10,SEA
04/15/2017 21:10,LAD
04/16/2017 13:07,TOR
04/16/2017 13:10,CLE
04/16/2017 13:10,MIA
04/16/2017 13:10,CIN
04/16/2017 13:35,BOS
04/16/2017 13:35,ATL
04/16/2017 13:35,WAS
04/16/2017 14:15,KCR
04/16/2017 14:20,CHC
04/16/2017 16:05,OAK
04/16/2017 16:05,SFG
04/16/2017 16:10,MIN
04/16/2017 16:10,SEA
04/16/2017 16:10,LAD
04/16/2017 20:05,NYY
04/17/2017 11:05,BOS
04/17/2017 19:05,NYY
04/17/2017 19:35,ATL
04/17/2017 20:05,CHC
04/17/2017 20:10,MIN
04/17/2017 20:10,HOU
04/17/2017 20:15,STL
04/17/2017 22:05,OAK
04/17/2017 22:10,SEA
04/17/2017 22:10,LAD
04/18/2017 19:05,NYY
04/18/2017 19:07,TOR
04/18/2017 19:10,TBR
04/18/2017 19:10,NYM
04/18/2017 19:10,CIN
04/18/2017 19:35,ATL
04/18/2017 20:05,CHC
04/18/2017 20:10,MIN
04/18/2017 20:10,HOU
04/18/2017 20:15,KCR
04/18/2017 20:15,STL
04/18/2017 22:05,OAK
04/18/2017 22:10,SEA
04/18/2017 22:10,LAD
04/18/2017 22:10,SDP
04/19/2017 13:45,STL
04/19/2017 14:20,CHC
04/19/2017 15:35,OAK
04/19/2017 15:40,SEA
04/19/2017 19:05,NYY
04/19/2017 19:07,TOR
04/19/2017 19:10,TBR
04/19/2017 19:10,NYM
04/19/2017 19:10,CIN
04/19/2017 19:35,ATL
04/19/2017 20:10,MIN
04/19/2017 20:10,HOU
04/19/2017 20:15,KCR
04/19/2017 22:10,LAD
04/19/2017 22:10,SDP
04/20/2017 12:37,TOR
04/20/2017 13:10,TBR
04/20/2017 13:10,MIN
04/20/2017 14:10,HOU
04/20/2017 19:10,NYM
04/20/2017 19:10,CIN
04/20/2017 19:35,ATL
04/20/2017 20:05,TEX
04/20/2017 20:10,MIL
04/20/2017 21:10,SDP
04/20/2017 22:05,OAK
04/21/2017 19:05,BAL
04/21/2017 19:05,PHI
04/21/2017 19:05,PIT
04/21/2017 19:10,TBR
04/21/2017 19:10,NYM
04/21/2017 19:10,CIN
04/21/2017 20:05,TEX
04/21/2017 20:10,CWS
04/21/2017 20:10,MIN
04/21/2017 20:10,MIL
04/21/2017 20:40,COL
04/21/2017 21:40,ARI
04/21/2017 22:05,OAK
04/21/2017 22:07,LAA
04/21/2017 22:10,SDP
04/22/2017 13:10,CIN
04/22/2017 14:10,MIN
04/22/2017 16:05,OAK
04/22/2017 16:05,PIT
04/22/2017 18:10,TBR
04/22/2017 19:05,BAL
04/22/2017 19:05,PHI
04/22/2017 19:10,CWS
04/22/2017 19:10,NYM
04/22/2017 19:10,MIL
04/22/2017 20:05,TEX
04/22/2017 20:10,ARI
04/22/2017 20:10,COL
04/22/2017 20:40,SDP
04/22/2017 21:07,LAA
04/23/2017 13:10,TBR
04/23/2017 13:10,NYM
04/23/2017 13:10,CIN
04/23/2017 13:35,BAL
04/23/2017 13:35,PHI
04/23/2017 13:35,PIT
04/23/2017 14:10,CWS
04/23/2017 14:10,MIN
04/23/2017 14:10,MIL
04/23/2017 15:05,TEX
04/23/2017 15:10,COL
04/23/2017 15:37,LAA
04/23/2017 16:05,OAK
04/23/2017 16:10,ARI
04/23/2017 16:40,SDP
04/24/2017 19:05,BAL
04/24/2017 19:05,PIT
04/24/2017 19:40,MIL
04/24/2017 20:05,TEX
04/24/2017 20:10,CWS
04/24/2017 20:40,COL
04/24/2017 21:40,ARI
04/24/2017 22:07,LAA
04/24/2017 22:15,SFG
04/25/2017 18:10,CLE
04/25/2017 19:05,BAL
04/25/2017 19:05,PHI
04/25/2017 19:05,PIT
04/25/2017 19:10,BOS
04/25/2017 19:10,DET
04/25/2017 19:10,NYM
04/25/2017 19:40,MIL
04/25/2017 20:05,TEX
04/25/2017 20:10,CWS
04/25/2017 20:15,STL
04/25/2017 20:40,COL
04/25/2017 21:40,ARI
04/25/2017 22:07,LAA
04/25/2017 22:15,SFG
04/26/2017 13:40,MIL
04/26/2017 14:10,CWS
04/26/2017 18:10,CLE
04/26/2017 19:05,BAL
04/26/2017 19:05,PHI
04/26/2017 19:05,PIT
04/26/2017 19:10,BOS
04/26/2017 19:10,DET
04/26/2017 19:10,NYM
04/26/2017 20:05,TEX
04/26/2017 20:15,STL
04/26/2017 20:40,COL
04/26/2017 21:40,ARI
04/26/2017 22:07,LAA
04/26/2017 22:15,SFG
04/27/2017 13:05,PHI
04/27/2017 13:10,DET
04/27/2017 13:10,NYM
04/27/2017 13:45,STL
04/27/2017 15:10,COL
04/27/2017 15:45,SFG
04/27/2017 18:10,CLE
04/27/2017 19:10,BOS
04/27/2017 21:40,ARI
04/27/2017 22:07,LAA
04/28/2017 19:05,NYY
04/28/2017 19:05,WAS
04/28/2017 19:07,TOR
04/28/2017 19:10,BOS
04/28/2017 19:10,CLE
04/28/2017 19:10,DET
04/28/2017 19:10,MIA
04/28/2017 20:05,TEX
04/28/2017 20:10,HOU
04/28/2017 20:10,MIL
04/28/2017 20:15,KCR
04/28/2017 20:15,STL
04/28/2017 21:40,ARI
04/28/2017 22:10,LAD
04/28/2017 22:15,SFG
04/29/2017 13:05,NYY
04/29/2017 13:05,WAS
04/29/2017 13:07,TOR
04/29/2017 13:10,DET
04/29/2017 14:15,STL
04/29/2017 16:05,BOS
04/29/2017 16:10,CLE
04/29/2017 19:10,HOU
04/29/2017 19:10,MIA
04/29/2017 19:10,MIL
04/29/2017 19:15,KCR
04/29/2017 19:15,TEX
04/29/2017 20:10,ARI
04/29/2017 21:05,SFG
04/29/2017 21:10,LAD
04/30/2017 13:05,NYY
04/30/2017 13:07,TOR
04/30/2017 13:10,CLE
04/30/2017 13:10,DET
04/30/2017 13:10,MIA
04/30/2017 13:35,WAS
04/30/2017 14:10,HOU
04/30/2017 14:10,MIL
04/30/2017 14:15,KCR
04/30/2017 14:15,STL
04/30/2017 15:05,TEX
04/30/2017 16:05,SFG
04/30/2017 16:10,ARI
04/30/2017 16:10,LAD
04/30/2017 20:05,BOS
05/01/2017 19:05,NYY
05/01/2017 19:10,BOS
05/01/2017 19:10,DET
05/01/2017 19:10,MIA
05/01/2017 19:10,CIN
05/01/2017 19:35,ATL
05/01/2017 20:05,CHC
05/01/2017 20:10,HOU
05/01/2017 20:15,KCR
05/01/2017 20:15,STL
05/01/2017 22:10,LAD
05/02/2017 19:05,NYY
05/02/2017 19:05,WAS
05/02/2017 19:10,BOS
05/02/2017 19:10,DET
05/02/2017 19:10,MIA
05/02/2017 19:10,CIN
05/02/2017 19:35,ATL
05/02/2017 20:05,CHC
05/02/2017 20:10,MIN
05/02/2017 20:10,HOU
05/02/2017 20:15,KCR
05/02/2017 20:15,STL
05/02/2017 22:10,SEA
05/02/2017 22:10,LAD
05/02/2017 22:10,SDP
05/03/2017 19:05,NYY
05/03/2017 19:05,WAS
05/03/2017 19:10,BOS
05/03/2017 19:10,TBR
05/03/2017 19:10,DET
05/03/2017 19:10,CIN
05/03/2017 19:35,ATL
05/03/2017 20:05,CHC
05/03/2017 20:10,MIN
05/03/2017 20:10,HOU
05/03/2017 20:15,KCR
05/03/2017 20:15,STL
05/03/2017 22:10,SEA
05/03/2017 22:10,LAD
05/03/2017 22:10,SDP
05/04/2017 13:05,WAS
05/04/2017 13:10,DET
05/04/2017 13:10,MIN
05/04/2017 13:45,STL
05/04/2017 14:10,HOU
05/04/2017 14:15,KCR
05/04/2017 14:20,CHC
05/04/2017 15:40,SDP
05/04/2017 19:10,BOS
05/04/2017 19:10,TBR
05/04/2017 19:10,CIN
05/04/2017 19:35,ATL
05/04/2017 22:10,SEA
05/05/2017 14:20,CHC
05/05/2017 19:05,BAL
05/05/2017 19:05,PHI
05/05/2017 19:05,PIT
05/05/2017 19:10,TBR
05/05/2017 19:10,NYM
05/05/2017 19:10,CIN
05/05/2017 19:35,ATL
05/05/2017 20:10,MIN
05/05/2017 20:15,KCR
05/05/2017 20:40,COL
05/05/2017 22:05,OAK
05/05/2017 22:07,LAA
05/05/2017 22:10,SEA
05/05/2017 22:10,SDP
05/06/2017 14:10,MIN
05/06/2017 16:10,TBR
05/06/2017 16:15,KCR
05/06/2017 19:05,BAL
05/06/2017 19:05,PHI
05/06/2017 19:05,PIT
05/06/2017 19:10,ATL
05/06/2017 19:10,NYM
05/06/2017 19:10,CIN
05/06/2017 19:15,CHC
05/06/2017 20:10,COL
05/06/2017 20:40,SDP
05/06/2017 21:05,OAK
05/06/2017 21:07,LAA
05/06/2017 21:10,SEA
05/07/2017 13:10,TBR
05/07/2017 13:10,NYM
05/07/2017 13:35,BAL
05/07/2017 13:35,ATL
05/07/2017 13:35,PIT
05/07/2017 14:10,MIN
05/07/2017 14:15,KCR
05/07/2017 14:35,PHI
05/07/2017 15:10,COL
05/07/2017 15:37,LAA
05/07/2017 16:05,OAK
05/07/2017 16:10,SEA
05/07/2017 16:10,CIN
05/07/2017 16:40,SDP
05/07/2017 20:05,CHC
05/08/2017 19:05,BAL
05/08/2017 19:07,TOR
05/08/2017 19:10,TBR
05/08/2017 19:10,MIA
05/08/2017 19:10,NYM
05/08/2017 19:10,CIN
05/08/2017 20:40,COL
05/08/2017 22:05,OAK
05/08/2017 22:10,LAD
05/08/2017 22:10,SDP
05/09/2017 15:40,SDP
05/09/2017 19:05,BAL
05/09/2017 19:05,PHI
05/09/2017 19:07,TOR
05/09/2017 19:10,TBR
05/09/2017 19:10,MIA
05/09/2017 19:10,NYM
05/09/2017 19:10,CIN
05/09/2017 19:40,MIL
05/09/2017 20:10,CWS
05/09/2017 20:10,HOU
05/09/2017 20:40,COL
05/09/2017 21:40,ARI
05/09/2017 22:05,OAK
05/09/2017 22:10,LAD
05/10/2017 13:05,PHI
05/10/2017 13:10,NYM
05/10/2017 14:10,HOU
05/10/2017 15:10,COL
05/10/2017 15:35,OAK
05/10/2017 19:05,WAS
05/10/2017 19:07,TOR
05/10/2017 19:10,TBR
05/10/2017 19:10,MIA
05/10/2017 20:05,TEX
05/10/2017 20:10,CWS
05/10/2017 20:10,MIL
05/10/2017 21:40,ARI
05/10/2017 22:10,LAD
05/11/2017 13:10,TBR
05/11/2017 13:10,MIL
05/11/2017 19:05,NYY
05/11/2017 19:05,WAS
05/11/2017 19:07,TOR
05/11/2017 20:05,TEX
05/11/2017 20:10,CWS
05/11/2017 20:40,COL
05/11/2017 21:40,ARI
05/11/2017 22:07,LAA
05/11/2017 22:15,SFG
05/12/2017 19:05,NYY
05/12/2017 19:05,WAS
05/12/2017 19:07,TOR
05/12/2017 19:10,BOS
05/12/2017 19:10,CLE
05/12/2017 19:10,MIA
05/12/2017 20:05,TEX
05/12/2017 20:10,CWS
05/12/2017 20:10,MIL
05/12/2017 20:15,KCR
05/12/2017 20:15,STL
05/12/2017 20:40,COL
05/12/2017 21:40,ARI
05/12/2017 22:07,LAA
05/12/2017 22:15,SFG
05/13/2017 13:05,NYY
05/13/2017 13:07,TOR
05/13/2017 14:15,STL
05/13/2017 16:05,SFG
05/13/2017 16:10,CLE
05/13/2017 19:05,WAS
05/13/2017 19:10,BOS
05/13/2017 19:10,CWS
05/13/2017 19:10,MIA
05/13/2017 19:10,MIL
05/13/2017 19:15,KCR
05/13/2017 20:05,TEX
05/13/2017 20:10,ARI
05/13/2017 20:10,COL
05/13/2017 21:07,LAA
05/14/2017 13:07,TOR
05/14/2017 13:10,CLE
05/14/2017 13:10,MIA
05/14/2017 13:35,BOS
05/14/2017 13:35,WAS
05/14/2017 14:10,CWS
05/14/2017 14:10,MIL
05/14/2017 14:15,KCR
05/14/2017 14:15,STL
05/14/2017 15:05,TEX
05/14/2017 15:10,COL
05/14/2017 15:37,LAA
05/14/2017 16:05,SFG
05/14/2017 16:10,ARI
05/14/2017 19:35,NYY
05/15/2017 18:10,CLE
05/15/2017 19:07,TOR
05/15/2017 19:10,MIA
05/15/2017 21:40,ARI
05/15/2017 22:07,LAA
05/15/2017 22:10,SEA
05/15/2017 22:10,SDP
05/15/2017 22:15,SFG
05/16/2017 16:07,TOR
05/16/2017 18:10,CLE
05/16/2017 19:05,PIT
05/16/2017 19:10,DET
05/16/2017 19:10,MIA
05/16/2017 20:05,TEX
05/16/2017 20:05,CHC
05/16/2017 20:10,MIN
05/16/2017 20:15,KCR
05/16/2017 20:15,STL
05/16/2017 21:40,ARI
05/16/2017 22:07,LAA
05/16/2017 22:10,SEA
05/16/2017 22:10,SDP
05/16/2017 22:15,SFG
05/17/2017 12:10,CLE
05/17/2017 12:10,MIA
05/17/2017 15:40,ARI
05/17/2017 15:45,SFG
05/17/2017 19:05,PIT
05/17/2017 19:10,DET
05/17/2017 19:35,ATL
05/17/2017 20:05,TEX
05/17/2017 20:05,CHC
05/17/2017 20:10,MIN
05/17/2017 20:15,KCR
05/17/2017 20:15,STL
05/17/2017 22:07,LAA
05/17/2017 22:10,SEA
05/17/2017 22:10,SDP
05/18/2017 12:35,PIT
05/18/2017 13:10,DET
05/18/2017 13:10,MIN
05/18/2017 14:05,TEX
05/18/2017 14:20,CHC
05/18/2017 15:40,SDP
05/18/2017 19:35,ATL
05/18/2017 20:15,KCR
05/18/2017 22:05,OAK
05/18/2017 22:10,SEA
05/18/2017 22:10,LAD
05/19/2017 14:20,CHC
05/19/2017 19:05,BAL
05/19/2017 19:05,PIT
05/19/2017 19:10,TBR
05/19/2017 19:10,DET
05/19/2017 19:10,NYM
05/19/2017 19:10,CIN
05/19/2017 19:35,ATL
05/19/2017 20:10,MIN
05/19/2017 20:10,HOU
05/19/2017 20:15,STL
05/19/2017 21:35,OAK
05/19/2017 22:10,SEA
05/19/2017 22:10,LAD
05/19/2017 22:10,SDP
05/20/2017 14:10,MIN
05/20/2017 14:20,CHC
05/20/2017 16:05,OAK
05/20/2017 16:05,PIT
05/20/2017 16:10,TBR
05/20/2017 16:10,DET
05/20/2017 16:10,HOU
05/20/2017 16:10,ATL
05/20/2017 16:10,CIN
05/20/2017 19:05,BAL
05/20/2017 19:15,NYM
05/20/2017 19:15,STL
05/20/2017 22:10,SEA
05/20/2017 22:10,LAD
05/20/2017 22:10,SDP
05/21/2017 13:10,TBR
05/21/2017 13:10,DET
05/21/2017 13:10,NYM
05/21/2017 13:10,CIN
05/21/2017 13:35,BAL
05/21/2017 13:35,ATL
05/21/2017 13:35,PIT
05/21/2017 14:10,MIN
05/21/2017 14:10,HOU
05/21/2017 14:15,STL
05/21/2017 14:20,CHC
05/21/2017 16:05,OAK
05/21/2017 16:10,SEA
05/21/2017 16:10,LAD
05/21/2017 16:40,SDP
05/22/2017 19:05,BAL
05/22/2017 19:05,NYY
05/22/2017 19:05,PHI
05/22/2017 19:10,TBR
05/22/2017 19:10,CIN
05/22/2017 19:35,ATL
05/22/2017 20:05,CHC
05/22/2017 20:10,HOU
05/22/2017 21:40,ARI
05/23/2017 19:05,BAL
05/23/2017 19:05,NYY
05/23/2017 19:05,PHI
05/23/2017 19:05,WAS
05/23/2017 19:05,CHC
05/23/2017 19:10,BOS
05/23/2017 19:10,TBR
05/23/2017 19:10,NYM
05/23/2017 19:10,CIN
05/23/2017 19:35,ATL
05/23/2017 19:40,MIL
05/23/2017 20:10,HOU
05/23/2017 21:40,ARI
05/23/2017 22:05,OAK
05/23/2017 22:10,LAD
05/24/2017 12:35,BAL
05/24/2017 13:10,MIL
05/24/2017 15:35,OAK
05/24/2017 15:40,ARI
05/24/2017 18:10,CLE
05/24/2017 19:05,NYY
05/24/2017 19:05,PHI
05/24/2017 19:05,WAS
05/24/2017 19:10,BOS
05/24/2017 19:10,TBR
05/24/2017 19:10,NYM
05/24/2017 19:35,ATL
05/24/2017 20:05,CHC
05/24/2017 20:10,HOU
05/24/2017 22:10,LAD
05/25/2017 12:10,ATL
05/25/2017 13:05,NYY
05/25/2017 13:05,PHI
05/25/2017 13:10,TBR
05/25/2017 14:20,CHC
05/25/2017 16:05,WAS
05/25/2017 18:10,CLE
05/25/2017 19:10,BOS
05/25/2017 19:10,NYM
05/25/2017 20:10,HOU
05/25/2017 20:10,MIL
05/25/2017 22:10,LAD
05/26/2017 19:05,NYY
05/26/2017 19:05,PHI
05/26/2017 19:05,WAS
05/26/2017 19:05,PIT
05/26/2017 19:07,TOR
05/26/2017 19:10,BOS
05/26/2017 19:10,CLE
05/26/2017 19:10,MIA
05/26/2017 20:10,CWS
05/26/2017 20:10,MIN
05/26/2017 20:10,HOU
05/26/2017 20:10,MIL
05/26/2017 20:40,COL
05/26/2017 22:10,LAD
05/26/2017 22:15,SFG
05/27/2017 13:05,NYY
05/27/2017 13:07,TOR
05/27/2017 13:10,MIA
05/27/2017 14:10,CWS
05/27/2017 14:10,MIN
05/27/2017 16:05,BOS
05/27/2017 16:05,PHI
05/27/2017 16:05,WAS
05/27/2017 16:10,CLE
05/27/2017 16:10,MIL
05/27/2017 19:15,HOU
05/27/2017 19:15,PIT
05/27/2017 19:15,LAD
05/27/2017 21:10,COL
05/27/2017 22:05,SFG
05/28/2017 13:05,NYY
05/28/2017 13:07,TOR
05/28/2017 13:10,CLE
05/28/2017 13:10,MIA
05/28/2017 13:35,BOS
05/28/2017 13:35,PHI
05/28/2017 13:35,WAS
05/28/2017 13:35,PIT
05/28/2017 14:10,CWS
05/28/2017 14:10,MIN
05/28/2017 14:10,HOU
05/28/2017 14:10,MIL
05/28/2017 15:10,COL
05/28/2017 16:05,SFG
05/28/2017 16:10,LAD
05/29/2017 13:10,NYM
05/29/2017 13:35,BAL
05/29/2017 14:10,CWS
05/29/2017 14:10,MIN
05/29/2017 14:15,STL
05/29/2017 15:10,COL
05/29/2017 16:05,PIT
05/29/2017 16:05,SFG
05/29/2017 16:10,CLE
05/29/2017 16:40,SDP
05/29/2017 19:07,TOR
05/29/2017 19:10,MIA
05/29/2017 19:15,KCR
05/29/2017 20:05,TEX
05/29/2017 22:07,LAA
05/30/2017 18:10,CLE
05/30/2017 19:05,BAL
05/30/2017 19:05,PIT
05/30/2017 19:07,TOR
05/30/2017 19:10,MIA
05/30/2017 19:10,NYM
05/30/2017 19:10,COL
05/30/2017 20:05,TEX
05/30/2017 20:10,CWS
05/30/2017 20:10,MIN
05/30/2017 20:15,KCR
05/30/2017 20:15,STL
05/30/2017 22:07,LAA
05/30/2017 22:10,SDP
05/30/2017 22:15,SFG
05/31/2017 12:35,PIT
05/31/2017 12:37,TOR
05/31/2017 13:10,MIN
05/31/2017 13:10,MIA
05/31/2017 15:40,SDP
05/31/2017 18:10,CLE
05/31/2017 19:05,BAL
05/31/2017 19:10,NYM
05/31/2017 20:05,TEX
05/31/2017 20:10,CWS
05/31/2017 20:15,KCR
05/31/2017 20:15,STL
05/31/2017 22:07,LAA
05/31/2017 22:10,SEA
05/31/2017 22:15,SFG
06/01/2017 12:10,CLE
06/01/2017 13:10,NYM
06/01/2017 13:45,STL
06/01/2017 15:40,SEA
06/01/2017 19:05,BAL
06/01/2017 19:07,TOR
06/01/2017 19:10,MIA
06/01/2017 22:07,LAA
06/02/2017 14:20,CHC
06/02/2017 19:05,BAL
06/02/2017 19:05,PHI
06/02/2017 19:07,TOR
06/02/2017 19:10,DET
06/02/2017 19:10,MIA
06/02/2017 19:10,NYM
06/02/2017 19:10,CIN
06/02/2017 20:05,TEX
06/02/2017 20:10,MIL
06/02/2017 20:15,KCR
06/02/2017 22:05,OAK
06/02/2017 22:07,LAA
06/02/2017 22:10,SEA
06/02/2017 22:10,SDP
06/03/2017 13:07,TOR
06/03/2017 13:10,MIA
06/03/2017 14:15,KCR
06/03/2017 14:20,CHC
06/03/2017 16:05,OAK
06/03/2017 16:05,PHI
06/03/2017 16:10,DET
06/03/2017 16:10,CIN
06/03/2017 16:10,MIL
06/03/2017 16:10,SDP
06/03/2017 19:05,BAL
06/03/2017 19:15,TEX
06/03/2017 19:15,NYM
06/03/2017 22:07,LAA
06/03/2017 22:10,SEA
06/04/2017 13:07,TOR
06/04/2017 13:10,DET
06/04/2017 13:10,MIA
06/04/2017 13:10,NYM
06/04/2017 13:10,CIN
06/04/2017 13:35,BAL
06/04/2017 13:35,PHI
06/04/2017 14:10,MIL
06/04/2017 14:15,KCR
06/04/2017 15:05,TEX
06/04/2017 15:37,LAA
06/04/2017 16:05,OAK
06/04/2017 16:10,SEA
06/04/2017 16:40,SDP
06/04/2017 19:35,CHC
06/05/2017 19:10,CIN
06/05/2017 19:35,ATL
06/05/2017 19:40,MIL
06/05/2017 20:05,CHC
06/05/2017 20:15,KCR
06/05/2017 22:05,OAK
06/05/2017 22:10,LAD
06/06/2017 19:05,BAL
06/06/2017 19:05,NYY
06/06/2017 19:10,TBR
06/06/2017 19:10,DET
06/06/2017 19:10,CIN
06/06/2017 19:35,ATL
06/06/2017 19:40,MIL
06/06/2017 20:05,TEX
06/06/2017 20:05,CHC
06/06/2017 20:15,KCR
06/06/2017 20:40,COL
06/06/2017 21:40,ARI
06/06/2017 22:05,OAK
06/06/2017 22:10,SEA
06/06/2017 22:10,LAD
06/07/2017 15:10,COL
06/07/2017 15:10,LAD
06/07/2017 15:35,OAK
06/07/2017 19:05,BAL
06/07/2017 19:05,NYY
06/07/2017 19:10,TBR
06/07/2017 19:10,DET
06/07/2017 19:10,CIN
06/07/2017 19:35,ATL
06/07/2017 20:05,TEX
06/07/2017 20:05,CHC
06/07/2017 20:10,MIL
06/07/2017 20:15,KCR
06/07/2017 21:40,ARI
06/07/2017 22:10,SEA
06/08/2017 12:35,CIN
06/08/2017 13:10,DET
06/08/2017 14:10,MIL
06/08/2017 15:40,ARI
06/08/2017 19:05,NYY
06/08/2017 19:05,PIT
06/08/2017 19:10,TBR
06/08/2017 19:35,ATL
06/08/2017 20:05,CHC
06/08/2017 20:15,KCR
06/08/2017 22:10,SEA
06/09/2017 14:20,CHC
06/09/2017 19:05,WAS
06/09/2017 19:05,PIT
06/09/2017 19:10,BOS
06/09/2017 19:10,TBR
06/09/2017 19:10,CLE
06/09/2017 19:35,NYY
06/09/2017 19:35,ATL
06/09/2017 20:10,HOU
06/09/2017 20:15,STL
06/09/2017 21:40,ARI
06/09/2017 22:10,SEA
06/09/2017 22:10,LAD
06/09/2017 22:10,SDP
06/09/2017 22:15,SFG
06/10/2017 12:05,WAS
06/10/2017 14:10,TBR
06/10/2017 14:15,STL
06/10/2017 14:20,CHC
06/10/2017 16:05,PIT
06/10/2017 16:05,SFG
06/10/2017 16:10,HOU
06/10/2017 16:10,ATL
06/10/2017 16:10,SDP
06/10/2017 19:15,BOS
06/10/2017 19:15,NYY
06/10/2017 19:15,CLE
06/10/2017 22:10,SEA
06/10/2017 22:10,ARI
06/10/2017 22:10,LAD
06/11/2017 13:05,NYY
06/11/2017 13:10,TBR
06/11/2017 13:10,CLE
06/11/2017 13:35,ATL
06/11/2017 13:35,PIT
06/11/2017 14:10,HOU
06/11/2017 14:15,STL
06/11/2017 14:20,CHC
06/11/2017 16:05,WAS
06/11/2017 16:05,SFG
06/11/2017 16:10,SEA
06/11/2017 16:10,ARI
06/11/2017 16:10,LAD
06/11/2017 16:40,SDP
06/12/2017 19:05,WAS
06/12/2017 19:05,PIT
06/12/2017 19:10,BOS
06/12/2017 19:10,NYM
06/12/2017 20:10,CWS
06/12/2017 20:10,MIN
06/12/2017 20:10,HOU
06/12/2017 22:07,LAA
06/12/2017 22:10,SDP
06/13/2017 19:05,WAS
06/13/2017 19:05,PIT
06/13/2017 19:07,TOR
06/13/2017 19:10,BOS
06/13/2017 19:10,CLE
06/13/2017 19:10,DET
06/13/2017 19:10,MIA
06/13/2017 19:10,NYM
06/13/2017 20:10,CWS
06/13/2017 20:10,MIN
06/13/2017 20:10,HOU
06/13/2017 20:15,STL
06/13/2017 22:07,LAA
06/13/2017 22:10,SDP
06/13/2017 22:15,SFG
06/14/2017 12:10,MIA
06/14/2017 15:40,SDP
06/14/2017 15:45,SFG
06/14/2017 16:05,WAS
06/14/2017 19:05,PHI
06/14/2017 19:05,PIT
06/14/2017 19:07,TOR
06/14/2017 19:10,CLE
06/14/2017 19:10,DET
06/14/2017 19:10,NYM
06/14/2017 20:10,CWS
06/14/2017 20:10,MIN
06/14/2017 20:10,HOU
06/14/2017 20:15,STL
06/14/2017 22:07,LAA
06/15/2017 12:10,CLE
06/15/2017 13:10,MIN
06/15/2017 14:10,CWS
06/15/2017 19:05,PHI
06/15/2017 19:10,DET
06/15/2017 19:10,NYM
06/15/2017 19:15,STL
06/15/2017 20:40,COL
06/15/2017 22:05,OAK
06/15/2017 22:07,LAA
06/16/2017 19:05,BAL
06/16/2017 19:05,PHI
06/16/2017 19:05,PIT
06/16/2017 19:07,TOR
06/16/2017 19:10,DET
06/16/2017 19:10,NYM
06/16/2017 19:10,CIN
06/16/2017 19:35,ATL
06/16/2017 20:05,TEX
06/16/2017 20:10,MIN
06/16/2017 20:10,HOU
06/16/2017 20:10,MIL
06/16/2017 20:40,COL
06/16/2017 21:35,OAK
06/16/2017 22:07,LAA
06/17/2017 13:07,TOR
06/17/2017 14:10,MIN
06/17/2017 15:10,COL
06/17/2017 16:05,OAK
06/17/2017 16:05,PHI
06/17/2017 16:10,DET
06/17/2017 16:10,ATL
06/17/2017 16:10,NYM
06/17/2017 16:10,CIN
06/17/2017 16:10,MIL
06/17/2017 17:05,TEX
06/17/2017 19:05,BAL
06/17/2017 20:15,HOU
06/17/2017 20:15,LAA
06/17/2017 20:15,PIT
06/18/2017 13:07,TOR
06/18/2017 13:10,DET
06/18/2017 13:10,NYM
06/18/2017 13:10,CIN
06/18/2017 13:35,BAL
06/18/2017 13:35,ATL
06/18/2017 13:35,PHI
06/18/2017 13:35,PIT
06/18/2017 14:10,MIN
06/18/2017 14:10,HOU
06/18/2017 14:10,MIL
06/18/2017 15:05,TEX
06/18/2017 15:10,COL
06/18/2017 15:37,LAA
06/18/2017 16:05,OAK
06/19/2017 19:05,BAL
06/19/2017 19:10,TBR
06/19/2017 19:10,MIA
06/19/2017 19:35,ATL
06/19/2017 19:40,MIL
06/19/2017 20:05,TEX
06/19/2017 20:05,CHC
06/19/2017 20:15,KCR
06/19/2017 22:05,OAK
06/19/2017 22:10,SEA
06/19/2017 22:10,LAD
06/20/2017 19:05,BAL
06/20/2017 19:05,NYY
06/20/2017 19:05,PHI
06/20/2017 19:10,TBR
06/20/2017 19:10,MIA
06/20/2017 19:35,ATL
06/20/2017 19:40,MIL
06/20/2017 20:05,TEX
06/20/2017 20:05,CHC
06/20/2017 20:10,MIN
06/20/2017 20:15,KCR
06/20/2017 20:40,COL
06/20/2017 22:05,OAK
06/20/2017 22:10,SEA
06/20/2017 22:10,LAD
06/21/2017 12:10,TBR
06/21/2017 12:10,MIA
06/21/2017 14:15,KCR
06/21/2017 14:20,CHC
06/21/2017 19:05,BAL
06/21/2017 19:05,NYY
06/21/2017 19:05,PHI
06/21/2017 19:35,ATL
06/21/2017 20:05,TEX
06/21/2017 20:10,MIN
06/21/2017 20:10,MIL
06/21/2017 20:40,COL
06/21/2017 22:05,OAK
06/21/2017 22:10,SEA
06/21/2017 22:10,LAD
06/22/2017 13:05,PHI
06/22/2017 13:10,MIN
06/22/2017 14:05,TEX
06/22/2017 14:10,MIL
06/22/2017 15:10,COL
06/22/2017 15:35,OAK
06/22/2017 19:05,BAL
06/22/2017 19:05,NYY
06/22/2017 19:10,MIA
06/22/2017 19:35,ATL
06/22/2017 22:10,SEA
06/22/2017 22:10,LAD
06/23/2017 19:05,NYY
06/23/2017 19:05,WAS
06/23/2017 19:10,BOS
06/23/2017 19:10,TBR
06/23/2017 19:10,CLE
06/23/2017 19:10,MIA
06/23/2017 19:35,ATL
06/23/2017 20:10,CWS
06/23/2017 20:15,KCR
06/23/2017 20:15,STL
06/23/2017 21:40,ARI
06/23/2017 22:10,SEA
06/23/2017 22:10,LAD
06/23/2017 22:10,SDP
06/23/2017 22:15,SFG
06/24/2017 13:05,NYY
06/24/2017 14:10,CWS
06/24/2017 14:15,KCR
06/24/2017 16:05,WAS
06/24/2017 16:10,TBR
06/24/2017 16:10,CLE
06/24/2017 16:10,ATL
06/24/2017 16:10,MIA
06/24/2017 19:15,BOS
06/24/2017 19:15,STL
06/24/2017 19:15,SFG
06/24/2017 22:10,SEA
06/24/2017 22:10,ARI
06/24/2017 22:10,LAD
06/24/2017 22:10,SDP
06/25/2017 13:10,TBR
06/25/2017 13:10,CLE
06/25/2017 13:10,MIA
06/25/2017 13:35,BOS
06/25/2017 13:35,ATL
06/25/2017 13:35,WAS
06/25/2017 14:05,NYY
06/25/2017 14:10,CWS
06/25/2017 14:15,KCR
06/25/2017 14:15,STL
06/25/2017 16:05,SFG
06/25/2017 16:10,SEA
06/25/2017 16:10,ARI
06/25/2017 16:10,LAD
06/25/2017 16:40,SDP
06/26/2017 19:05,WAS
06/26/2017 19:10,BOS
06/26/2017 19:10,CLE
06/26/2017 20:10,CWS
06/26/2017 21:40,ARI
06/26/2017 22:10,LAD
06/26/2017 22:15,SFG
06/27/2017 19:05,WAS
06/27/2017 19:05,PIT
06/27/2017 19:07,TOR
06/27/2017 19:10,BOS
06/27/2017 19:10,CLE
06/27/2017 19:10,DET
06/27/2017 19:10,MIA
06/27/2017 19:10,CIN
06/27/2017 20:10,CWS
06/27/2017 20:10,HOU
06/27/2017 21:40,ARI
06/27/2017 22:10,SEA
06/27/2017 22:10,LAD
06/27/2017 22:10,SDP
06/27/2017 22:15,SFG
06/28/2017 15:40,SEA
06/28/2017 15:45,SFG
06/28/2017 19:05,WAS
06/28/2017 19:05,PIT
06/28/2017 19:07,TOR
06/28/2017 19:10,BOS
06/28/2017 19:10,CLE
06/28/2017 19:10,DET
06/28/2017 19:10,MIA
06/28/2017 19:10,CIN
06/28/2017 20:10,CWS
06/28/2017 20:10,HOU
06/28/2017 21:40,ARI
06/28/2017 22:07,LAA
06/28/2017 22:10,SDP
06/29/2017 12:10,CLE
06/29/2017 13:10,DET
06/29/2017 14:10,HOU
06/29/2017 15:40,ARI
06/29/2017 16:05,WAS
06/29/2017 19:05,PIT
06/29/2017 19:07,TOR
06/29/2017 19:10,BOS
06/29/2017 19:10,MIA
06/29/2017 19:10,CIN
06/29/2017 20:10,CWS
06/29/2017 21:10,SDP
06/29/2017 22:07,LAA
06/30/2017 19:05,BAL
06/30/2017 19:05,PIT
06/30/2017 19:07,TOR
06/30/2017 19:10,DET
06/30/2017 19:10,NYM
06/30/2017 19:10,CIN
06/30/2017 20:10,CWS
06/30/2017 20:10,HOU
06/30/2017 20:10,MIL
06/30/2017 20:15,KCR
06/30/2017 20:15,STL
06/30/2017 21:40,ARI
06/30/2017 22:05,OAK
06/30/2017 22:07,LAA
06/30/2017 22:10,SDP
07/01/2017 13:07,TOR
07/01/2017 14:10,CWS
07/01/2017 14:15,KCR
07/01/2017 16:05,OAK
07/01/2017 16:05,PIT
07/01/2017 16:10,DET
07/01/2017 16:10,NYM
07/01/2017 16:10,CIN
07/01/2017 16:10,MIL
07/01/2017 19:05,BAL
07/01/2017 19:15,HOU
07/01/2017 19:15,STL
07/01/2017 22:07,LAA
07/01/2017 22:10,ARI
07/01/2017 22:10,SDP
07/02/2017 13:07,TOR
07/02/2017 13:10,DET
07/02/2017 13:10,NYM
07/02/2017 13:10,CIN
07/02/2017 13:35,BAL
07/02/2017 13:35,PIT
07/02/2017 14:10,CWS
07/02/2017 14:10,HOU
07/02/2017 14:10,MIL
07/02/2017 14:15,KCR
07/02/2017 14:15,STL
07/02/2017 15:37,LAA
07/02/2017 16:05,OAK
07/02/2017 16:10,ARI
07/02/2017 16:40,SDP
07/03/2017 14:10,MIL
07/03/2017 18:05,WAS
07/03/2017 19:05,NYY
07/03/2017 19:05,PHI
07/03/2017 19:15,STL
07/03/2017 20:05,TEX
07/03/2017 20:10,MIN
07/03/2017 20:10,COL
07/03/2017 21:05,OAK
07/03/2017 22:10,SEA
07/04/2017 11:05,WAS
07/04/2017 13:05,NYY
07/04/2017 13:10,DET
07/04/2017 14:10,MIN
07/04/2017 14:15,STL
07/04/2017 14:20,CHC
07/04/2017 16:05,OAK
07/04/2017 16:05,PHI
07/04/2017 16:10,MIL
07/04/2017 18:40,SEA
07/04/2017 19:10,CLE
07/04/2017 19:35,ATL
07/04/2017 20:05,TEX
07/04/2017 20:10,COL
07/04/2017 21:10,LAD
07/05/2017 13:05,NYY
07/05/2017 14:20,CHC
07/05/2017 15:35,OAK
07/05/2017 19:05,PHI
07/05/2017 19:05,WAS
07/05/2017 19:10,CLE
07/05/2017 19:10,DET
07/05/2017 19:35,ATL
07/05/2017 20:05,TEX
07/05/2017 20:10,MIN
07/05/2017 20:10,MIL
07/05/2017 20:15,STL
07/05/2017 20:40,COL
07/05/2017 22:10,SEA
07/05/2017 22:10,LAD
07/06/2017 13:10,DET
07/06/2017 13:45,STL
07/06/2017 15:10,COL
07/06/2017 18:05,PHI
07/06/2017 19:05,WAS
07/06/2017 19:07,TOR
07/06/2017 19:10,TBR
07/06/2017 19:10,CLE
07/06/2017 20:10,MIN
07/06/2017 22:10,SEA
07/06/2017 22:10,LAD
07/07/2017 14:20,CHC
07/07/2017 18:35,PHI
07/07/2017 19:05,NYY
07/07/2017 19:05,WAS
07/07/2017 19:07,TOR
07/07/2017 19:10,TBR
07/07/2017 19:10,CLE
07/07/2017 20:05,TEX
07/07/2017 20:10,MIN
07/07/2017 20:15,STL
07/07/2017 20:40,COL
07/07/2017 21:40,ARI
07/07/2017 22:10,SEA
07/07/2017 22:10,LAD
07/07/2017 22:15,SFG
07/08/2017 13:05,NYY
07/08/2017 13:07,TOR
07/08/2017 14:10,MIN
07/08/2017 16:05,PHI
07/08/2017 16:05,WAS
07/08/2017 16:10,TBR
07/08/2017 16:10,STL
07/08/2017 19:15,CLE
07/08/2017 19:15,CHC
07/08/2017 19:15,LAD
07/08/2017 21:05,TEX
07/08/2017 21:05,SFG
07/08/2017 21:10,COL
07/08/2017 22:10,SEA
07/08/2017 22:10,ARI
07/09/2017 13:05,NYY
07/09/2017 13:07,TOR
07/09/2017 13:10,TBR
07/09/2017 13:10,CHC
07/09/2017 13:35,PHI
07/09/2017 13:35,WAS
07/09/2017 14:10,MIN
07/09/2017 14:15,STL
07/09/2017 15:05,TEX
07/09/2017 15:10,COL
07/09/2017 16:05,SFG
07/09/2017 16:10,SEA
07/09/2017 16:10,ARI
07/09/2017 16:10,LAD
07/09/2017 20:05,CLE
07/14/2017 19:05,BAL
07/14/2017 19:05,PIT
07/14/2017 19:10,BOS
07/14/2017 19:10,DET
07/14/2017 19:10,MIA
07/14/2017 19:10,NYM
07/14/2017 19:10,CIN
07/14/2017 19:35,ATL
07/14/2017 20:10,CWS
07/14/2017 20:10,HOU
07/14/2017 20:10,MIL
07/14/2017 20:15,KCR
07/14/2017 22:05,OAK
07/14/2017 22:07,LAA
07/14/2017 22:10,SDP
07/15/2017 16:05,BOS
07/15/2017 18:10,DET
07/15/2017 19:05,BAL
07/15/2017 19:05,PIT
07/15/2017 19:10,CWS
07/15/2017 19:10,HOU
07/15/2017 19:10,ATL
07/15/2017 19:10,MIA
07/15/2017 19:10,NYM
07/15/2017 19:10,CIN
07/15/2017 19:10,MIL
07/15/2017 19:15,KCR
07/15/2017 20:40,SDP
07/15/2017 21:05,OAK
07/15/2017 21:07,LAA
07/16/2017 13:10,DET
07/16/2017 13:10,MIA
07/16/2017 13:10,NYM
07/16/2017 13:10,CIN
07/16/2017 13:35,BAL
07/16/2017 13:35,ATL
07/16/2017 13:35,PIT
07/16/2017 14:10,CWS
07/16/2017 14:10,HOU
07/16/2017 14:10,MIL
07/16/2017 14:15,KCR
07/16/2017 15:37,LAA
07/16/2017 16:05,OAK
07/16/2017 16:40,SDP
07/16/2017 20:05,BOS
07/17/2017 12:35,CIN
07/17/2017 19:05,BAL
07/17/2017 19:05,PIT
07/17/2017 19:10,BOS
07/17/2017 19:10,MIA
07/17/2017 19:10,NYM
07/17/2017 19:35,ATL
07/17/2017 20:10,MIN
07/17/2017 20:10,HOU
07/17/2017 20:15,KCR
07/17/2017 20:40,COL
07/17/2017 22:05,OAK
07/17/2017 22:15,SFG
07/18/2017 19:05,BAL
07/18/2017 19:05,PIT
07/18/2017 19:10,BOS
07/18/2017 19:10,MIA
07/18/2017 19:10,NYM
07/18/2017 19:10,CIN
07/18/2017 19:35,ATL
07/18/2017 20:10,CWS
07/18/2017 20:10,MIN
07/18/2017 20:10,HOU
07/18/2017 20:15,KCR
07/18/2017 20:40,COL
07/18/2017 22:05,OAK
07/18/2017 22:07,LAA
07/18/2017 22:15,SFG
07/19/2017 12:10,ATL
07/19/2017 12:10,MIA
07/19/2017 13:10,MIN
07/19/2017 14:10,HOU
07/19/2017 15:10,COL
07/19/2017 15:35,OAK
07/19/2017 15:45,SFG
07/19/2017 19:05,BAL
07/19/2017 19:05,PIT
07/19/2017 19:10,BOS
07/19/2017 19:10,NYM
07/19/2017 19:10,CIN
07/19/2017 20:10,CWS
07/19/2017 20:15,KCR
07/19/2017 22:07,LAA
07/20/2017 12:10,NYM
07/20/2017 12:35,CIN
07/20/2017 12:35,PIT
07/20/2017 13:35,BOS
07/20/2017 19:05,BAL
07/20/2017 20:15,KCR
07/20/2017 22:10,SEA
07/20/2017 22:10,LAD
07/20/2017 22:15,SFG
07/21/2017 14:20,CHC
07/21/2017 19:05,BAL
07/21/2017 19:05,PHI
07/21/2017 19:10,TBR
07/21/2017 19:10,CLE
07/21/2017 19:10,NYM
07/21/2017 19:10,CIN
07/21/2017 20:10,MIN
07/21/2017 20:15,KCR
07/21/2017 20:40,COL
07/21/2017 21:40,ARI
07/21/2017 22:07,LAA
07/21/2017 22:10,SEA
07/21/2017 22:10,LAD
07/21/2017 22:15,SFG
07/22/2017 16:05,CHC
07/22/2017 16:05,SFG
07/22/2017 18:10,TBR
07/22/2017 19:05,BAL
07/22/2017 19:05,PHI
07/22/2017 19:10,CLE
07/22/2017 19:10,MIN
07/22/2017 19:10,NYM
07/22/2017 19:10,CIN
07/22/2017 19:15,KCR
07/22/2017 20:10,ARI
07/22/2017 20:10,COL
07/22/2017 21:07,LAA
07/22/2017 21:10,SEA
07/22/2017 21:10,LAD
07/23/2017 13:10,TBR
07/23/2017 13:10,CLE
07/23/2017 13:10,NYM
07/23/2017 13:10,CIN
07/23/2017 13:35,BAL
07/23/2017 13:35,PHI
07/23/2017 14:10,MIN
07/23/2017 14:15,KCR
07/23/2017 15:10,COL
07/23/2017 15:37,LAA
07/23/2017 16:05,SFG
07/23/2017 16:10,SEA
07/23/2017 16:10,ARI
07/23/2017 16:10,LAD
07/23/2017 20:05,CHC
07/24/2017 14:20,CHC
07/24/2017 19:05,PHI
07/24/2017 19:07,TOR
07/24/2017 19:10,TBR
07/24/2017 19:10,DET
07/24/2017 20:05,TEX
07/24/2017 20:15,STL
07/24/2017 21:40,ARI
07/24/2017 22:10,SEA
07/24/2017 22:10,LAD
07/24/2017 22:10,SDP
07/24/2017 22:15,SFG
07/25/2017 14:20,CHC
07/25/2017 19:05,NYY
07/25/2017 19:05,PHI
07/25/2017 19:05,WAS
07/25/2017 19:07,TOR
07/25/2017 19:10,TBR
07/25/2017 19:10,CLE
07/25/2017 19:10,DET
07/25/2017 20:05,TEX
07/25/2017 20:15,STL
07/25/2017 21:40,ARI
07/25/2017 22:10,SEA
07/25/2017 22:10,LAD
07/25/2017 22:10,SDP
07/25/2017 22:15,SFG
07/26/2017 12:10,TBR
07/26/2017 13:05,NYY
07/26/2017 15:40,SEA
07/26/2017 15:40,ARI
07/26/2017 15:45,SFG
07/26/2017 19:05,PHI
07/26/2017 19:05,WAS
07/26/2017 19:07,TOR
07/26/2017 19:10,CLE
07/26/2017 19:10,DET
07/26/2017 20:05,TEX
07/26/2017 20:10,CWS
07/26/2017 20:15,STL
07/26/2017 22:10,LAD
07/26/2017 22:10,SDP
07/27/2017 12:05,WAS
07/27/2017 12:10,CLE
07/27/2017 12:37,TOR
07/27/2017 19:05,NYY
07/27/2017 19:10,MIA
07/27/2017 19:15,STL
07/27/2017 20:10,CWS
07/27/2017 21:10,SDP
07/28/2017 19:05,NYY
07/28/2017 19:05,PHI
07/28/2017 19:05,WAS
07/28/2017 19:07,TOR
07/28/2017 19:10,BOS
07/28/2017 19:10,DET
07/28/2017 19:10,MIA
07/28/2017 20:05,TEX
07/28/2017 20:10,CWS
07/28/2017 20:10,MIL
07/28/2017 20:15,STL
07/28/2017 22:05,OAK
07/28/2017 22:10,SEA
07/28/2017 22:10,LAD
07/28/2017 22:10,SDP
07/29/2017 13:05,NYY
07/29/2017 13:07,TOR
07/29/2017 16:05,LAD
07/29/2017 16:10,SEA
07/29/2017 18:10,DET
07/29/2017 19:05,PHI
07/29/2017 19:05,WAS
07/29/2017 19:10,BOS
07/29/2017 19:10,CWS
07/29/2017 19:10,MIA
07/29/2017 19:10,MIL
07/29/2017 19:15,STL
07/29/2017 20:05,TEX
07/29/2017 20:40,SDP
07/29/2017 21:05,OAK
07/30/2017 13:05,NYY
07/30/2017 13:07,TOR
07/30/2017 13:10,DET
07/30/2017 13:10,MIA
07/30/2017 13:35,PHI
07/30/2017 13:35,WAS
07/30/2017 14:10,CWS
07/30/2017 14:10,MIL
07/30/2017 14:15,STL
07/30/2017 15:05,TEX
07/30/2017 16:05,OAK
07/30/2017 16:10,SEA
07/30/2017 16:10,LAD
07/30/2017 16:40,SDP
07/31/2017 12:35,PHI
07/31/2017 19:05,BAL
07/31/2017 19:05,NYY
07/31/2017 19:10,BOS
07/31/2017 19:10,MIA
07/31/2017 20:05,TEX
07/31/2017 20:10,CWS
07/31/2017 20:10,HOU
07/31/2017 22:05,OAK
08/01/2017 19:05,BAL
08/01/2017 19:05,NYY
08/01/2017 19:05,PIT
08/01/2017 19:10,BOS
08/01/2017 19:10,MIA
08/01/2017 19:35,ATL
08/01/2017 19:40,MIL
08/01/2017 20:05,TEX
08/01/2017 20:05,CHC
08/01/2017 20:10,CWS
08/01/2017 20:10,HOU
08/01/2017 20:40,COL
08/01/2017 22:05,OAK
08/01/2017 22:07,LAA
08/01/2017 22:10,SDP
08/02/2017 13:05,NYY
08/02/2017 14:10,CWS
08/02/2017 15:40,SDP
08/02/2017 19:05,BAL
08/02/2017 19:05,PIT
08/02/2017 19:10,BOS
08/02/2017 19:10,MIA
08/02/2017 19:35,ATL
08/02/2017 20:05,TEX
08/02/2017 20:05,CHC
08/02/2017 20:10,HOU
08/02/2017 20:10,MIL
08/02/2017 20:40,COL
08/02/2017 22:07,LAA
08/02/2017 22:15,SFG
08/03/2017 14:10,MIL
08/03/2017 14:20,CHC
08/03/2017 15:10,COL
08/03/2017 19:05,BAL
08/03/2017 19:05,PIT
08/03/2017 19:10,BOS
08/03/2017 19:10,CLE
08/03/2017 19:35,ATL
08/03/2017 20:10,MIN
08/03/2017 20:10,HOU
08/03/2017 20:15,KCR
08/03/2017 22:07,LAA
08/03/2017 22:15,SFG
08/04/2017 14:20,CHC
08/04/2017 19:05,BAL
08/04/2017 19:05,PIT
08/04/2017 19:10,BOS
08/04/2017 19:10,TBR
08/04/2017 19:10,CLE
08/04/2017 19:10,NYM
08/04/2017 19:10,CIN
08/04/2017 19:35,ATL
08/04/2017 20:10,MIN
08/04/2017 20:10,HOU
08/04/2017 20:15,KCR
08/04/2017 20:40,COL
08/04/2017 22:07,LAA
08/04/2017 22:15,SFG
08/05/2017 14:20,CHC
08/05/2017 18:10,TBR
08/05/2017 19:05,BAL
08/05/2017 19:05,PIT
08/05/2017 19:10,BOS
08/05/2017 19:10,CLE
08/05/2017 19:10,MIN
08/05/2017 19:10,HOU
08/05/2017 19:10,ATL
08/05/2017 19:10,NYM
08/05/2017 19:10,CIN
08/05/2017 19:15,KCR
08/05/2017 20:10,COL
08/05/2017 21:05,SFG
08/05/2017 21:07,LAA
08/06/2017 13:10,TBR
08/06/2017 13:10,CLE
08/06/2017 13:10,NYM
08/06/2017 13:10,CIN
08/06/2017 13:35,BAL
08/06/2017 13:35,BOS
08/06/2017 13:35,ATL
08/06/2017 13:35,PIT
08/06/2017 14:10,MIN
08/06/2017 14:10,HOU
08/06/2017 14:15,KCR
08/06/2017 15:10,COL
08/06/2017 15:37,LAA
08/06/2017 16:05,SFG
08/07/2017 19:05,WAS
08/07/2017 19:05,PIT
08/07/2017 19:10,CIN
08/07/2017 20:10,MIN
08/07/2017 20:15,KCR
08/07/2017 22:07,LAA
08/07/2017 22:15,SFG
08/08/2017 19:05,WAS
08/08/2017 19:05,PIT
08/08/2017 19:07,TOR
08/08/2017 19:10,TBR
08/08/2017 19:10,CLE
08/08/2017 19:10,NYM
08/08/2017 19:10,CIN
08/08/2017 19:35,ATL
08/08/2017 20:10,CWS
08/08/2017 20:10,MIN
08/08/2017 20:15,KCR
08/08/2017 21:40,ARI
08/08/2017 22:05,OAK
08/08/2017 22:07,LAA
08/08/2017 22:15,SFG
08/09/2017 12:10,CLE
08/09/2017 12:10,NYM
08/09/2017 15:35,OAK
08/09/2017 15:37,LAA
08/09/2017 15:45,SFG
08/09/2017 19:05,WAS
08/09/2017 19:07,TOR
08/09/2017 19:10,TBR
08/09/2017 19:10,DET
08/09/2017 19:10,CIN
08/09/2017 19:35,ATL
08/09/2017 20:10,CWS
08/09/2017 20:10,MIL
08/09/2017 20:15,STL
08/09/2017 21:40,ARI
08/10/2017 12:35,CIN
08/10/2017 13:10,DET
08/10/2017 19:05,PHI
08/10/2017 19:05,WAS
08/10/2017 19:07,TOR
08/10/2017 19:10,TBR
08/10/2017 19:15,STL
08/10/2017 20:10,CWS
08/10/2017 20:10,MIL
08/10/2017 21:40,ARI
08/10/2017 22:05,OAK
08/10/2017 22:10,SEA
08/11/2017 19:05,NYY
08/11/2017 19:05,PHI
08/11/2017 19:05,WAS
08/11/2017 19:07,TOR
08/11/2017 19:10,TBR
08/11/2017 19:10,DET
08/11/2017 19:10,MIA
08/11/2017 20:05,TEX
08/11/2017 20:10,CWS
08/11/2017 20:10,MIL
08/11/2017 20:15,STL
08/11/2017 21:40,ARI
08/11/2017 22:05,OAK
08/11/2017 22:10,SEA
08/11/2017 22:10,LAD
08/12/2017 13:07,TOR
08/12/2017 16:05,NYY
08/12/2017 18:10,TBR
08/12/2017 18:10,DET
08/12/2017 19:05,PHI
08/12/2017 19:05,WAS
08/12/2017 19:10,CWS
08/12/2017 19:10,MIA
08/12/2017 19:10,MIL
08/12/2017 19:15,STL
08/12/2017 20:05,TEX
08/12/2017 20:10,ARI
08/12/2017 21:05,OAK
08/12/2017 21:10,SEA
08/12/2017 21:10,LAD
08/13/2017 13:05,NYY
08/13/2017 13:07,TOR
08/13/2017 13:10,TBR
08/13/2017 13:10,DET
08/13/2017 13:10,MIA
08/13/2017 13:35,PHI
08/13/2017 13:35,WAS
08/13/2017 14:10,CWS
08/13/2017 14:10,MIL
08/13/2017 14:15,STL
08/13/2017 15:05,TEX
08/13/2017 16:05,OAK
08/13/2017 16:10,SEA
08/13/2017 16:10,ARI
08/13/2017 16:10,LAD
08/14/2017 19:05,NYY
08/14/2017 19:07,TOR
08/14/2017 19:10,MIA
08/14/2017 20:05,TEX
08/14/2017 20:05,CHC
08/14/2017 20:40,COL
08/14/2017 21:40,ARI
08/14/2017 22:05,OAK
08/14/2017 22:10,SEA
08/14/2017 22:10,SDP
08/15/2017 15:40,ARI
08/15/2017 19:05,NYY
08/15/2017 19:05,WAS
08/15/2017 19:07,TOR
08/15/2017 19:10,BOS
08/15/2017 19:10,MIA
08/15/2017 19:40,MIL
08/15/2017 20:05,TEX
08/15/2017 20:05,CHC
08/15/2017 20:10,MIN
08/15/2017 20:40,COL
08/15/2017 22:05,OAK
08/15/2017 22:10,SEA
08/15/2017 22:10,LAD
08/15/2017 22:10,SDP
08/16/2017 13:05,WAS
08/16/2017 13:10,MIA
08/16/2017 14:10,MIL
08/16/2017 15:35,OAK
08/16/2017 15:40,SEA
08/16/2017 15:40,SDP
08/16/2017 19:07,TOR
08/16/2017 19:10,BOS
08/16/2017 19:10,NYM
08/16/2017 20:05,TEX
08/16/2017 20:05,CHC
08/16/2017 20:10,MIN
08/16/2017 20:10,HOU
08/16/2017 20:40,COL
08/16/2017 22:10,LAD
08/17/2017 13:10,MIN
08/17/2017 14:10,HOU
08/17/2017 14:20,CHC
08/17/2017 15:10,COL
08/17/2017 16:07,TOR
08/17/2017 19:05,PIT
08/17/2017 19:10,NYM
08/17/2017 20:05,TEX
08/17/2017 22:10,SDP
08/17/2017 22:15,SFG
08/18/2017 14:20,CHC
08/18/2017 19:05,BAL
08/18/2017 19:05,PIT
08/18/2017 19:10,BOS
08/18/2017 19:10,TBR
08/18/2017 19:10,DET
08/18/2017 19:10,NYM
08/18/2017 19:35,ATL
08/18/2017 20:05,TEX
08/18/2017 20:10,MIN
08/18/2017 20:10,HOU
08/18/2017 20:15,KCR
08/18/2017 20:40,COL
08/18/2017 22:10,SDP
08/18/2017 22:15,SFG
08/19/2017 14:20,CHC
08/19/2017 18:10,TBR
08/19/2017 18:10,DET
08/19/2017 19:05,BAL
08/19/2017 19:05,PIT
08/19/2017 19:10,BOS
08/19/2017 19:10,MIN
08/19/2017 19:10,HOU
08/19/2017 19:10,ATL
08/19/2017 19:10,NYM
08/19/2017 19:15,KCR
08/19/2017 20:05,TEX
08/19/2017 20:10,COL
08/19/2017 20:40,SDP
08/19/2017 21:05,SFG
08/20/2017 13:10,TBR
08/20/2017 13:10,DET
08/20/2017 13:10,NYM
08/20/2017 13:35,BAL
08/20/2017 13:35,ATL
08/20/2017 13:35,PIT
08/20/2017 14:10,MIN
08/20/2017 14:10,HOU
08/20/2017 14:15,KCR
08/20/2017 14:20,CHC
08/20/2017 15:05,TEX
08/20/2017 15:10,COL
08/20/2017 16:05,SFG
08/20/2017 16:40,SDP
08/21/2017 19:05,BAL
08/21/2017 19:05,PIT
08/21/2017 19:10,CLE
08/21/2017 19:10,NYM
08/21/2017 19:35,ATL
08/21/2017 20:10,CWS
08/21/2017 22:07,LAA
08/21/2017 22:15,SFG
08/22/2017 19:05,BAL
08/22/2017 19:05,PHI
08/22/2017 19:05,PIT
08/22/2017 19:10,TBR
08/22/2017 19:10,CLE
08/22/2017 19:10,DET
08/22/2017 19:10,NYM
08/22/2017 19:10,CIN
08/22/2017 19:35,ATL
08/22/2017 20:10,CWS
08/22/2017 20:10,HOU
08/22/2017 20:15,KCR
08/22/2017 20:15,STL
08/22/2017 22:07,LAA
08/22/2017 22:15,SFG
08/23/2017 15:05,BAL
08/23/2017 15:45,SFG
08/23/2017 19:05,PHI
08/23/2017 19:05,PIT
08/23/2017 19:10,TBR
08/23/2017 19:10,CLE
08/23/2017 19:10,DET
08/23/2017 19:10,NYM
08/23/2017 19:10,CIN
08/23/2017 19:35,ATL
08/23/2017 20:10,CWS
08/23/2017 20:10,HOU
08/23/2017 20:15,KCR
08/23/2017 20:15,STL
08/23/2017 22:07,LAA
08/24/2017 12:10,NYM
08/24/2017 13:05,PHI
08/24/2017 13:10,TBR
08/24/2017 13:10,DET
08/24/2017 14:15,KCR
08/24/2017 16:05,PIT
08/24/2017 19:10,CLE
08/24/2017 19:10,CIN
08/24/2017 19:15,STL
08/24/2017 20:10,CWS
08/24/2017 20:10,HOU
08/24/2017 22:07,LAA
08/25/2017 19:05,NYY
08/25/2017 19:05,PHI
08/25/2017 19:05,WAS
08/25/2017 19:07,TOR
08/25/2017 19:10,BOS
08/25/2017 19:10,CLE
08/25/2017 19:10,MIA
08/25/2017 19:10,CIN
08/25/2017 19:35,ATL
08/25/2017 20:10,CWS
08/25/2017 20:15,STL
08/25/2017 21:40,ARI
08/25/2017 22:05,OAK
08/25/2017 22:07,LAA
08/25/2017 22:10,LAD
08/26/2017 13:05,NYY
08/26/2017 13:07,TOR
08/26/2017 16:05,BOS
08/26/2017 16:05,OAK
08/26/2017 16:05,WAS
08/26/2017 19:05,PHI
08/26/2017 19:10,CWS
08/26/2017 19:10,ATL
08/26/2017 19:10,MIA
08/26/2017 19:10,CIN
08/26/2017 19:15,CLE
08/26/2017 19:15,STL
08/26/2017 20:10,ARI
08/26/2017 21:07,LAA
08/26/2017 21:10,LAD
08/27/2017 13:05,NYY
08/27/2017 13:07,TOR
08/27/2017 13:10,CLE
08/27/2017 13:10,MIA
08/27/2017 13:10,CIN
08/27/2017 13:35,BOS
08/27/2017 13:35,ATL
08/27/2017 13:35,PHI
08/27/2017 13:35,WAS
08/27/2017 14:10,CWS
08/27/2017 14:15,STL
08/27/2017 15:37,LAA
08/27/2017 16:05,OAK
08/27/2017 16:10,ARI
08/27/2017 16:10,LAD
08/28/2017 19:05,BAL
08/28/2017 19:05,NYY
08/28/2017 19:05,PHI
08/28/2017 19:05,WAS
08/28/2017 19:07,TOR
08/28/2017 20:05,CHC
08/28/2017 20:15,KCR
08/28/2017 20:40,COL
08/28/2017 22:07,LAA
08/28/2017 22:10,SDP
08/29/2017 19:05,BAL
08/29/2017 19:05,NYY
08/29/2017 19:05,PHI
08/29/2017 19:05,WAS
08/29/2017 19:07,TOR
08/29/2017 19:10,CIN
08/29/2017 19:40,MIL
08/29/2017 20:05,CHC
08/29/2017 20:10,MIN
08/29/2017 20:10,HOU
08/29/2017 20:15,KCR
08/29/2017 20:40,COL
08/29/2017 21:40,ARI
08/29/2017 22:07,LAA
08/29/2017 22:10,SDP
08/30/2017 13:05,NYY
08/30/2017 13:05,PHI
08/30/2017 14:10,MIL
08/30/2017 15:05,BAL
08/30/2017 15:10,COL
08/30/2017 16:05,WAS
08/30/2017 19:07,TOR
08/30/2017 19:10,CIN
08/30/2017 20:05,CHC
08/30/2017 20:10,MIN
08/30/2017 20:10,HOU
08/30/2017 20:15,KCR
08/30/2017 21:10,SDP
08/30/2017 21:40,ARI
08/30/2017 22:07,LAA
08/31/2017 12:35,CIN
08/31/2017 13:10,MIN
08/31/2017 15:40,ARI
08/31/2017 19:05,BAL
08/31/2017 19:05,NYY
08/31/2017 19:10,MIA
08/31/2017 20:05,CHC
08/31/2017 20:10,HOU
08/31/2017 20:10,MIL
08/31/2017 22:15,SFG
09/01/2017 14:20,CHC
09/01/2017 19:05,BAL
09/01/2017 19:05,NYY
09/01/2017 19:05,PIT
09/01/2017 19:10,DET
09/01/2017 19:10,MIA
09/01/2017 20:05,TEX
09/01/2017 20:10,CWS
09/01/2017 20:10,MIN
09/01/2017 20:10,HOU
09/01/2017 20:10,MIL
09/01/2017 20:40,COL
09/01/2017 22:10,SEA
09/01/2017 22:10,SDP
09/01/2017 22:15,SFG
09/02/2017 13:05,NYY
09/02/2017 14:20,CHC
09/02/2017 16:05,SFG
09/02/2017 18:10,DET
09/02/2017 19:05,BAL
09/02/2017 19:05,PIT
09/02/2017 19:10,CWS
09/02/2017 19:10,MIN
09/02/2017 19:10,HOU
09/02/2017 19:10,MIA
09/02/2017 19:10,MIL
09/02/2017 19:15,TEX
09/02/2017 20:10,COL
09/02/2017 20:40,SDP
09/02/2017 21:10,SEA
09/03/2017 13:05,NYY
09/03/2017 13:10,DET
09/03/2017 13:10,MIA
09/03/2017 13:35,BAL
09/03/2017 13:35,PIT
09/03/2017 14:10,CWS
09/03/2017 14:10,MIN
09/03/2017 14:10,HOU
09/03/2017 14:10,MIL
09/03/2017 15:05,TEX
09/03/2017 15:10,COL
09/03/2017 16:05,SFG
09/03/2017 16:10,SEA
09/03/2017 16:40,SDP
09/04/2017 13:10,DET
09/04/2017 13:10,NYM
09/04/2017 13:10,CIN
09/04/2017 13:35,BAL
09/04/2017 14:10,CWS
09/04/2017 15:10,COL
09/04/2017 16:05,OAK
09/04/2017 16:05,PIT
09/04/2017 16:40,SDP
09/04/2017 18:40,SEA
09/04/2017 19:10,BOS
09/04/2017 19:10,TBR
09/04/2017 19:10,MIA
09/04/2017 19:35,ATL
09/04/2017 20:10,LAD
09/05/2017 19:05,BAL
09/05/2017 19:05,PIT
09/05/2017 19:10,BOS
09/05/2017 19:10,TBR
09/05/2017 19:10,DET
09/05/2017 19:10,MIA
09/05/2017 19:10,NYM
09/05/2017 19:10,CIN
09/05/2017 19:35,ATL
09/05/2017 20:10,CWS
09/05/2017 20:40,COL
09/05/2017 22:05,OAK
09/05/2017 22:10,SEA
09/05/2017 22:10,LAD
09/05/2017 22:10,SDP
09/06/2017 12:35,CIN
09/06/2017 13:10,TBR
09/06/2017 15:35,OAK
09/06/2017 19:05,BAL
09/06/2017 19:05,PIT
09/06/2017 19:10,BOS
09/06/2017 19:10,DET
09/06/2017 19:10,MIA
09/06/2017 19:10,NYM
09/06/2017 19:35,ATL
09/06/2017 20:10,CWS
09/06/2017 20:40,COL
09/06/2017 22:10,SEA
09/06/2017 22:10,LAD
09/06/2017 22:10,SDP
09/07/2017 19:05,WAS
09/07/2017 19:05,PIT
09/07/2017 19:10,NYM
09/07/2017 19:35,ATL
09/07/2017 20:10,CWS
09/07/2017 20:15,KCR
09/07/2017 21:10,SDP
09/07/2017 22:10,LAD
09/08/2017 14:20,CHC
09/08/2017 19:05,WAS
09/08/2017 19:07,TOR
09/08/2017 19:10,BOS
09/08/2017 19:10,CLE
09/08/2017 19:10,NYM
09/08/2017 19:35,ATL
09/08/2017 20:05,TEX
09/08/2017 20:10,CWS
09/08/2017 20:15,KCR
09/08/2017 20:15,STL
09/08/2017 21:40,ARI
09/08/2017 22:05,OAK
09/08/2017 22:10,SEA
09/08/2017 22:10,LAD
09/09/2017 13:05,CLE
09/09/2017 13:07,TOR
09/09/2017 16:05,OAK
09/09/2017 16:05,CHC
09/09/2017 19:05,WAS
09/09/2017 19:10,BOS
09/09/2017 19:10,CWS
09/09/2017 19:10,ATL
09/09/2017 19:10,NYM
09/09/2017 19:15,KCR
09/09/2017 19:15,STL
09/09/2017 20:05,TEX
09/09/2017 20:10,ARI
09/09/2017 21:10,SEA
09/09/2017 21:10,LAD
09/10/2017 13:07,TOR
09/10/2017 13:10,CLE
09/10/2017 13:10,NYM
09/10/2017 13:35,BOS
09/10/2017 13:35,ATL
09/10/2017 13:35,WAS
09/10/2017 14:10,CWS
09/10/2017 14:15,KCR
09/10/2017 14:15,STL
09/10/2017 14:20,CHC
09/10/2017 15:05,TEX
09/10/2017 16:05,OAK
09/10/2017 16:10,SEA
09/10/2017 16:10,ARI
09/10/2017 16:10,LAD
09/11/2017 19:07,TOR
09/11/2017 19:10,TBR
09/11/2017 19:10,CLE
09/11/2017 19:40,MIL
09/11/2017 20:05,TEX
09/11/2017 20:15,KCR
09/11/2017 21:40,ARI
09/11/2017 22:15,SFG
09/12/2017 19:05,PHI
09/12/2017 19:05,WAS
09/12/2017 19:07,TOR
09/12/2017 19:10,BOS
09/12/2017 19:10,TBR
09/12/2017 19:10,CLE
09/12/2017 19:40,MIL
09/12/2017 20:05,TEX
09/12/2017 20:05,CHC
09/12/2017 20:10,MIN
09/12/2017 20:15,KCR
09/12/2017 20:15,STL
09/12/2017 21:40,ARI
09/12/2017 22:07,LAA
09/12/2017 22:15,SFG
09/13/2017 12:10,CLE
09/13/2017 14:15,KCR
09/13/2017 19:05,PHI
09/13/2017 19:05,WAS
09/13/2017 19:07,TOR
09/13/2017 19:10,BOS
09/13/2017 19:10,TBR
09/13/2017 20:05,TEX
09/13/2017 20:05,CHC
09/13/2017 20:10,MIN
09/13/2017 20:10,MIL
09/13/2017 20:15,STL
09/13/2017 21:40,ARI
09/13/2017 22:07,LAA
09/13/2017 22:15,SFG
09/14/2017 13:10,DET
09/14/2017 13:35,BOS
09/14/2017 13:45,STL
09/14/2017 15:40,ARI
09/14/2017 19:05,NYY
09/14/2017 19:05,PHI
09/14/2017 19:05,WAS
09/14/2017 19:10,CLE
09/14/2017 20:05,TEX
09/14/2017 20:05,CHC
09/14/2017 20:10,MIN
09/14/2017 22:07,LAA
09/15/2017 14:20,CHC
09/15/2017 19:05,NYY
09/15/2017 19:05,PHI
09/15/2017 19:05,WAS
09/15/2017 19:10,TBR
09/15/2017 19:10,CLE
09/15/2017 19:10,DET
09/15/2017 19:10,MIA
09/15/2017 19:10,CIN
09/15/2017 19:35,ATL
09/15/2017 20:10,MIN
09/15/2017 20:10,HOU
09/15/2017 20:40,COL
09/15/2017 22:07,LAA
09/15/2017 22:15,SFG
09/16/2017 13:05,WAS
09/16/2017 13:05,CHC
09/16/2017 16:05,NYY
09/16/2017 16:10,CLE
09/16/2017 16:10,CIN
09/16/2017 18:10,TBR
09/16/2017 18:10,DET
09/16/2017 19:05,PHI
09/16/2017 19:10,MIN
09/16/2017 19:10,HOU
09/16/2017 19:10,ATL
09/16/2017 19:10,MIA
09/16/2017 20:10,COL
09/16/2017 21:05,SFG
09/16/2017 21:07,LAA
09/17/2017 13:05,NYY
09/17/2017 13:10,TBR
09/17/2017 13:10,CLE
09/17/2017 13:10,DET
09/17/2017 13:10,MIA
09/17/2017 13:10,CIN
09/17/2017 13:35,ATL
09/17/2017 13:35,PHI
09/17/2017 13:35,WAS
09/17/2017 14:10,MIN
09/17/2017 14:10,HOU
09/17/2017 15:10,COL
09/17/2017 15:37,LAA
09/17/2017 16:05,SFG
09/18/2017 19:05,BAL
09/18/2017 19:05,NYY
09/18/2017 19:05,PHI
09/18/2017 19:05,PIT
09/18/2017 19:10,DET
09/18/2017 19:10,MIA
09/18/2017 22:10,SDP
09/19/2017 19:05,BAL
09/19/2017 19:05,NYY
09/19/2017 19:05,PHI
09/19/2017 19:05,PIT
09/19/2017 19:07,TOR
09/19/2017 19:10,TBR
09/19/2017 19:10,DET
09/19/2017 19:10,MIA
09/19/2017 19:10,CIN
09/19/2017 19:35,ATL
09/19/2017 20:10,HOU
09/19/2017 22:07,LAA
09/19/2017 22:10,SEA
09/19/2017 22:10,SDP
09/19/2017 22:15,SFG
09/20/2017 13:05,NYY
09/20/2017 13:10,DET
09/20/2017 13:10,MIA
09/20/2017 15:45,SFG
09/20/2017 19:05,BAL
09/20/2017 19:05,PHI
09/20/2017 19:05,PIT
09/20/2017 19:07,TOR
09/20/2017 19:10,TBR
09/20/2017 19:10,CIN
09/20/2017 19:35,ATL
09/20/2017 20:10,HOU
09/20/2017 21:10,SDP
09/20/2017 22:07,LAA
09/20/2017 22:10,SEA
09/21/2017 13:05,PHI
09/21/2017 19:05,BAL
09/21/2017 19:07,TOR
09/21/2017 19:10,DET
09/21/2017 19:10,CIN
09/21/2017 19:35,ATL
09/21/2017 20:10,HOU
09/21/2017 20:10,MIL
09/21/2017 22:10,SEA
09/21/2017 22:10,SDP
09/22/2017 19:05,BAL
09/22/2017 19:05,PIT
09/22/2017 19:07,TOR
09/22/2017 19:10,DET
09/22/2017 19:10,NYM
09/22/2017 19:10,CIN
09/22/2017 19:35,ATL
09/22/2017 20:10,CWS
09/22/2017 20:10,HOU
09/22/2017 20:10,MIL
09/22/2017 21:40,ARI
09/22/2017 22:05,OAK
09/22/2017 22:10,SEA
09/22/2017 22:10,LAD
09/22/2017 22:10,SDP
09/23/2017 13:07,TOR
09/23/2017 16:10,SEA
09/23/2017 16:10,CIN
09/23/2017 18:10,DET
09/23/2017 19:05,BAL
09/23/2017 19:05,PIT
09/23/2017 19:10,CWS
09/23/2017 19:10,HOU
09/23/2017 19:10,ATL
09/23/2017 19:10,NYM
09/23/2017 19:10,MIL
09/23/2017 20:10,ARI
09/23/2017 20:40,SDP
09/23/2017 21:05,OAK
09/23/2017 21:10,LAD
09/24/2017 13:07,TOR
09/24/2017 13:10,DET
09/24/2017 13:10,NYM
09/24/2017 13:10,CIN
09/24/2017 13:35,BAL
09/24/2017 13:35,ATL
09/24/2017 13:35,PIT
09/24/2017 14:10,CWS
09/24/2017 14:10,HOU
09/24/2017 14:10,MIL
09/24/2017 16:05,OAK
09/24/2017 16:10,SEA
09/24/2017 16:10,ARI
09/24/2017 16:10,LAD
09/24/2017 16:40,SDP
09/25/2017 19:05,PHI
09/25/2017 19:10,BOS
09/25/2017 19:10,NYM
09/25/2017 20:05,TEX
09/25/2017 20:10,CWS
09/25/2017 20:15,STL
09/25/2017 20:40,COL
09/25/2017 21:40,ARI
09/25/2017 22:05,OAK
09/25/2017 22:10,LAD
09/26/2017 19:05,NYY
09/26/2017 19:05,PHI
09/26/2017 19:05,PIT
09/26/2017 19:10,BOS
09/26/2017 19:10,CLE
09/26/2017 19:10,NYM
09/26/2017 19:40,MIL
09/26/2017 20:05,TEX
09/26/2017 20:10,CWS
09/26/2017 20:15,KCR
09/26/2017 20:15,STL
09/26/2017 20:40,COL
09/26/2017 21:40,ARI
09/26/2017 22:05,OAK
09/26/2017 22:10,LAD
09/27/2017 14:05,TEX
09/27/2017 15:10,COL
09/27/2017 15:35,OAK
09/27/2017 15:40,ARI
09/27/2017 19:05,NYY
09/27/2017 19:05,PHI
09/27/2017 19:05,PIT
09/27/2017 19:10,BOS
09/27/2017 19:10,CLE
09/27/2017 19:10,NYM
09/27/2017 20:10,CWS
09/27/2017 20:10,MIL
09/27/2017 20:15,KCR
09/27/2017 20:15,STL
09/27/2017 22:10,LAD
09/28/2017 12:10,CLE
09/28/2017 19:05,NYY
09/28/2017 19:05,WAS
09/28/2017 19:10,BOS
09/28/2017 19:10,MIA
09/28/2017 19:15,STL
09/28/2017 20:05,TEX
09/28/2017 20:10,CWS
09/28/2017 20:10,MIL
09/28/2017 20:15,KCR
09/29/2017 13:05,NYY
09/29/2017 14:20,CHC
09/29/2017 19:05,PHI
09/29/2017 19:05,WAS
09/29/2017 19:10,BOS
09/29/2017 19:10,TBR
09/29/2017 19:10,CLE
09/29/2017 19:10,MIA
09/29/2017 20:05,TEX
09/29/2017 20:10,MIN
09/29/2017 20:10,COL
09/29/2017 20:15,KCR
09/29/2017 20:15,STL
09/29/2017 22:07,LAA
09/29/2017 22:15,SFG
09/30/2017 16:05,NYY
09/30/2017 16:05,CHC
09/30/2017 16:05,SFG
09/30/2017 16:15,STL
09/30/2017 19:05,PHI
09/30/2017 19:05,WAS
09/30/2017 19:10,TBR
09/30/2017 19:10,CLE
09/30/2017 19:10,MIN
09/30/2017 19:10,MIA
09/30/2017 19:15,KCR
09/30/2017 20:05,TEX
09/30/2017 20:10,COL
09/30/2017 21:07,LAA
10/01/2017 15:05,BOS
10/01/2017 15:05,NYY
10/01/2017 15:05,TEX
10/01/2017 15:05,PHI
10/01/2017 15:05,WAS
10/01/2017 15:05,SFG
10/01/2017 15:07,LAA
10/01/2017 15:10,TBR
10/01/2017 15:10,CLE
10/01/2017 15:10,MIN
10/01/2017 15:10,MIA
10/01/2017 15:10,COL
10/01/2017 15:15,KCR
10/01/2017 15:15,STL
10/01/2017 15:20,CHC
