3/29/2018 12:40,MIA
3/29/2018 13:05,OAK
3/29/2018 13:10,DET
3/29/2018 13:10,NYM
3/29/2018 13:10,SDP
3/29/2018 14:35,TEX
3/29/2018 15:05,BAL
3/29/2018 15:15,KCR
3/29/2018 15:37,TOR
3/29/2018 16:00,TBR
3/29/2018 16:08,LAD
3/29/2018 16:10,CIN
3/29/2018 16:10,ATL
3/29/2018 19:10,SEA
3/29/2018 19:10,ARI
3/30/2018 18:40,ARI
3/30/2018 19:05,OAK
3/30/2018 19:05,TEX
3/30/2018 19:07,TOR
3/30/2018 19:10,SDP
3/30/2018 19:10,LAD
3/30/2018 19:10,MIA
3/30/2018 19:10,TBR
3/30/2018 19:35,ATL
3/31/2018 13:05,OAK
3/31/2018 13:10,DET
3/31/2018 13:10,SEA
3/31/2018 13:10,NYM
3/31/2018 14:10,CIN
3/31/2018 15:05,TEX
3/31/2018 16:07,TOR
3/31/2018 17:10,ARI
3/31/2018 17:40,SDP
3/31/2018 18:10,LAD
3/31/2018 18:10,TBR
3/31/2018 18:15,KCR
3/31/2018 19:05,BAL
3/31/2018 19:10,ATL
3/31/2018 19:10,MIA
4/1/2018 13:05,BAL
4/1/2018 13:05,OAK
4/1/2018 13:07,TOR
4/1/2018 13:10,DET
4/1/2018 13:10,SEA
4/1/2018 13:10,NYM
4/1/2018 13:10,MIA
4/1/2018 13:10,TBR
4/1/2018 13:15,KCR
4/1/2018 14:05,TEX
4/1/2018 16:10,CIN
4/1/2018 17:37,LAD
4/2/2018 13:05,PIT
4/2/2018 13:05,NYY
4/2/2018 13:10,DET
4/2/2018 13:10,MIL
4/2/2018 16:10,CIN
4/2/2018 18:40,ARI
4/2/2018 19:05,OAK
4/2/2018 19:07,TOR
4/2/2018 19:07,LAA
4/2/2018 19:10,HOU
4/2/2018 19:10,NYM
4/2/2018 19:10,SDP
4/2/2018 19:10,MIA
4/2/2018 19:35,ATL
4/3/2018 13:10,DET
4/3/2018 13:35,SFG
4/3/2018 18:10,MIA
4/3/2018 18:40,ARI
4/3/2018 18:40,CIN
4/3/2018 18:40,MIL
4/3/2018 19:05,OAK
4/3/2018 19:07,TOR
4/3/2018 19:07,LAA
4/3/2018 19:10,HOU
4/3/2018 19:10,NYM
4/3/2018 19:10,SDP
4/3/2018 19:35,ATL
4/4/2018 12:10,ATL
4/4/2018 12:40,ARI
4/4/2018 13:05,NYY
4/4/2018 13:07,LAA
4/4/2018 13:10,DET
4/4/2018 13:10,HOU
4/4/2018 13:10,NYM
4/4/2018 16:15,SFG
4/4/2018 18:05,PIT
4/4/2018 18:40,MIL
4/4/2018 19:05,OAK
4/4/2018 19:07,TOR
4/4/2018 19:10,SDP
4/5/2018 12:35,OAK
4/5/2018 12:40,SDP
4/5/2018 13:05,WAS
4/5/2018 14:05,BOS
4/5/2018 15:05,PHI
4/5/2018 15:10,CWS
4/5/2018 18:15,STL
4/5/2018 18:35,NYY
4/5/2018 19:05,PIT
4/5/2018 19:10,MIL
4/6/2018 14:10,COL
4/6/2018 16:10,CLE
4/6/2018 19:05,NYY
4/6/2018 19:05,PIT
4/6/2018 19:05,TEX
4/6/2018 19:07,LAA
4/6/2018 19:10,HOU
4/6/2018 19:10,MIL
4/6/2018 19:15,SFG
4/7/2018 13:05,BOS
4/7/2018 13:05,NYY
4/7/2018 13:05,WAS
4/7/2018 13:10,MIN
4/7/2018 13:10,CWS
4/7/2018 13:15,STL
4/7/2018 16:10,CLE
4/7/2018 18:05,PHI
4/7/2018 18:07,LAA
4/7/2018 18:10,HOU
4/7/2018 18:10,COL
4/7/2018 18:10,MIL
4/7/2018 19:05,PIT
4/7/2018 19:05,TEX
4/8/2018 13:05,BOS
4/8/2018 13:05,NYY
4/8/2018 13:05,SFG
4/8/2018 13:07,LAA
4/8/2018 13:10,HOU
4/8/2018 13:10,MIN
4/8/2018 13:10,COL
4/8/2018 13:10,MIL
4/8/2018 13:10,CLE
4/8/2018 13:10,CWS
4/8/2018 13:15,STL
4/8/2018 13:35,PHI
4/8/2018 13:35,PIT
4/8/2018 13:35,WAS
4/8/2018 14:05,TEX
4/9/2018 13:20,CHC
4/9/2018 18:10,CLE
4/9/2018 18:40,COL
4/9/2018 19:05,BAL
4/9/2018 19:05,PHI
4/9/2018 19:05,WAS
4/9/2018 19:05,TEX
4/9/2018 19:10,MIN
4/9/2018 19:10,CWS
4/9/2018 19:10,MIA
4/9/2018 19:15,SFG
4/9/2018 19:15,STL
4/9/2018 19:15,KCR
4/10/2018 13:10,CWS
4/10/2018 18:10,CLE
4/10/2018 18:40,COL
4/10/2018 19:05,BAL
4/10/2018 19:05,PHI
4/10/2018 19:05,WAS
4/10/2018 19:05,TEX
4/10/2018 19:10,BOS
4/10/2018 19:10,MIN
4/10/2018 19:10,LAD
4/10/2018 19:10,MIA
4/10/2018 19:15,SFG
4/10/2018 19:15,STL
4/10/2018 19:15,KCR
4/11/2018 12:10,MIN
4/11/2018 12:15,STL
4/11/2018 12:45,SFG
4/11/2018 13:05,WAS
4/11/2018 13:10,COL
4/11/2018 13:10,CWS
4/11/2018 13:15,KCR
4/11/2018 18:10,CLE
4/11/2018 19:05,BAL
4/11/2018 19:05,CHC
4/11/2018 19:05,PHI
4/11/2018 19:05,TEX
4/11/2018 19:10,BOS
4/11/2018 19:10,LAD
4/11/2018 19:10,MIA
4/12/2018 13:20,CHC
4/12/2018 18:10,CLE
4/12/2018 18:40,CIN
4/12/2018 19:05,WAS
4/12/2018 19:10,BOS
4/12/2018 19:10,MIN
4/12/2018 19:10,SDP
4/12/2018 19:15,KCR
4/13/2018 13:20,CHC
4/13/2018 18:40,CIN
4/13/2018 19:05,WAS
4/13/2018 19:10,BOS
4/13/2018 19:10,DET
4/13/2018 19:10,HOU
4/13/2018 19:10,MIN
4/13/2018 19:10,SEA
4/13/2018 19:10,NYM
4/13/2018 19:10,SDP
4/13/2018 19:10,CLE
4/13/2018 19:10,LAD
4/13/2018 19:10,MIA
4/13/2018 19:10,TBR
4/13/2018 19:15,KCR
4/14/2018 13:05,BOS
4/14/2018 13:05,WAS
4/14/2018 13:10,DET
4/14/2018 13:10,MIN
4/14/2018 13:10,CIN
4/14/2018 16:10,CLE
4/14/2018 17:40,SDP
4/14/2018 18:10,HOU
4/14/2018 18:10,SEA
4/14/2018 18:10,LAD
4/14/2018 18:10,TBR
4/14/2018 18:15,KCR
4/14/2018 19:10,NYM
4/14/2018 19:10,MIA
4/15/2018 13:05,BOS
4/15/2018 13:10,DET
4/15/2018 13:10,HOU
4/15/2018 13:10,MIN
4/15/2018 13:10,SEA
4/15/2018 13:10,CIN
4/15/2018 13:10,NYM
4/15/2018 13:10,SDP
4/15/2018 13:10,CLE
4/15/2018 13:10,LAD
4/15/2018 13:10,MIA
4/15/2018 13:10,TBR
4/15/2018 13:15,KCR
4/15/2018 13:35,WAS
4/16/2018 11:05,BOS
4/16/2018 18:35,NYY
4/16/2018 18:40,MIL
4/16/2018 19:05,OAK
4/16/2018 19:05,CHC
4/16/2018 19:05,PIT
4/16/2018 19:07,TOR
4/16/2018 19:10,SEA
4/16/2018 19:10,NYM
4/16/2018 19:10,SDP
4/16/2018 19:10,TBR
4/16/2018 19:35,ATL
4/17/2018 18:35,NYY
4/17/2018 18:40,ARI
4/17/2018 18:40,MIL
4/17/2018 19:05,OAK
4/17/2018 19:05,CHC
4/17/2018 19:05,PIT
4/17/2018 19:07,TOR
4/17/2018 19:07,LAA
4/17/2018 19:10,DET
4/17/2018 19:10,SEA
4/17/2018 19:10,NYM
4/17/2018 19:10,SDP
4/17/2018 19:10,TBR
4/17/2018 19:35,ATL
4/18/2018 12:35,OAK
4/18/2018 12:35,PIT
4/18/2018 12:40,MIL
4/18/2018 13:10,TBR
4/18/2018 13:20,CHC
4/18/2018 16:07,TOR
4/18/2018 18:40,ARI
4/18/2018 19:07,LAA
4/18/2018 19:10,DET
4/18/2018 19:10,SEA
4/18/2018 19:10,NYM
4/18/2018 19:10,SDP
4/18/2018 19:35,ATL
4/19/2018 12:40,SEA
4/19/2018 13:10,DET
4/19/2018 18:35,NYY
4/19/2018 18:40,ARI
4/19/2018 19:05,PHI
4/19/2018 19:07,LAA
4/19/2018 19:10,MIL
4/19/2018 19:35,ATL
4/20/2018 18:40,ARI
4/20/2018 18:40,COL
4/20/2018 19:05,BAL
4/20/2018 19:05,NYY
4/20/2018 19:05,OAK
4/20/2018 19:05,PHI
4/20/2018 19:05,TEX
4/20/2018 19:07,LAA
4/20/2018 19:10,DET
4/20/2018 19:10,MIL
4/20/2018 19:10,CWS
4/20/2018 19:10,LAD
4/20/2018 19:10,TBR
4/20/2018 19:15,STL
4/20/2018 19:35,ATL
4/21/2018 13:05,NYY
4/21/2018 13:10,DET
4/21/2018 13:15,STL
4/21/2018 16:05,PHI
4/21/2018 17:10,ARI
4/21/2018 18:05,OAK
4/21/2018 18:07,LAA
4/21/2018 18:10,COL
4/21/2018 18:10,MIL
4/21/2018 18:10,CWS
4/21/2018 18:10,LAD
4/21/2018 18:10,TBR
4/21/2018 19:05,BAL
4/21/2018 19:05,TEX
4/21/2018 19:10,ATL
4/22/2018 13:05,BAL
4/22/2018 13:05,NYY
4/22/2018 13:05,OAK
4/22/2018 13:07,LAA
4/22/2018 13:10,DET
4/22/2018 13:10,ARI
4/22/2018 13:10,COL
4/22/2018 13:10,MIL
4/22/2018 13:10,CWS
4/22/2018 13:10,TBR
4/22/2018 13:15,STL
4/22/2018 13:35,PHI
4/22/2018 13:35,ATL
4/22/2018 14:05,TEX
4/22/2018 17:05,LAD
4/23/2018 18:40,CIN
4/23/2018 18:40,COL
4/23/2018 19:05,BAL
4/23/2018 19:05,NYY
4/23/2018 19:05,TEX
4/23/2018 19:10,HOU
4/23/2018 19:10,CWS
4/23/2018 19:10,LAD
4/23/2018 19:15,SFG
4/24/2018 16:10,CWS
4/24/2018 18:10,CLE
4/24/2018 18:35,NYY
4/24/2018 18:40,CIN
4/24/2018 18:40,COL
4/24/2018 19:05,BAL
4/24/2018 19:05,PHI
4/24/2018 19:05,PIT
4/24/2018 19:05,TEX
4/24/2018 19:07,TOR
4/24/2018 19:10,HOU
4/24/2018 19:10,LAD
4/24/2018 19:15,SFG
4/24/2018 19:15,STL
4/24/2018 19:15,KCR
4/25/2018 12:45,SFG
4/25/2018 13:10,HOU
4/25/2018 13:10,COL
4/25/2018 13:10,CWS
4/25/2018 16:15,LAD
4/25/2018 18:35,NYY
4/25/2018 18:40,CIN
4/25/2018 19:05,BAL
4/25/2018 19:05,PHI
4/25/2018 19:05,PIT
4/25/2018 19:05,TEX
4/25/2018 19:07,TOR
4/25/2018 19:10,CLE
4/25/2018 19:15,STL
4/25/2018 19:15,KCR
4/26/2018 12:15,STL
4/26/2018 12:35,CIN
4/26/2018 12:35,PIT
4/26/2018 13:05,NYY
4/26/2018 13:05,PHI
4/26/2018 18:10,CLE
4/26/2018 19:05,BAL
4/26/2018 19:05,CHC
4/26/2018 19:07,TOR
4/26/2018 19:15,KCR
4/27/2018 13:20,CHC
4/27/2018 19:05,BAL
4/27/2018 19:05,PHI
4/27/2018 19:05,PIT
4/27/2018 19:05,WAS
4/27/2018 19:07,TOR
4/27/2018 19:07,LAA
4/27/2018 19:10,BOS
4/27/2018 19:10,HOU
4/27/2018 19:10,MIN
4/27/2018 19:10,SDP
4/27/2018 19:10,CLE
4/27/2018 19:10,MIA
4/27/2018 19:15,SFG
4/27/2018 19:15,KCR
4/28/2018 13:05,WAS
4/28/2018 13:10,MIN
4/28/2018 16:05,BOS
4/28/2018 16:07,TOR
4/28/2018 16:10,CLE
4/28/2018 17:40,SDP
4/28/2018 18:05,PHI
4/28/2018 18:07,LAA
4/28/2018 18:10,HOU
4/28/2018 18:15,KCR
4/28/2018 19:05,BAL
4/28/2018 19:05,PIT
4/28/2018 19:10,MIA
4/29/2018 13:05,BOS
4/29/2018 13:05,BAL
4/29/2018 13:05,SFG
4/29/2018 13:07,TOR
4/29/2018 13:10,HOU
4/29/2018 13:10,MIN
4/29/2018 13:10,SDP
4/29/2018 13:10,CLE
4/29/2018 13:10,MIA
4/29/2018 13:15,KCR
4/29/2018 13:35,PHI
4/29/2018 13:35,PIT
4/29/2018 13:35,WAS
4/29/2018 19:07,LAA
4/30/2018 18:10,CLE
4/30/2018 18:40,ARI
4/30/2018 19:05,CHC
4/30/2018 19:05,WAS
4/30/2018 19:10,BOS
4/30/2018 19:10,DET
4/30/2018 19:10,HOU
4/30/2018 19:10,MIN
4/30/2018 19:10,CIN
4/30/2018 19:10,MIA
4/30/2018 19:15,SFG
5/1/2018 18:10,CLE
5/1/2018 18:40,ARI
5/1/2018 19:05,CHC
5/1/2018 19:05,WAS
5/1/2018 19:07,LAA
5/1/2018 19:10,BOS
5/1/2018 19:10,DET
5/1/2018 19:10,HOU
5/1/2018 19:10,MIN
5/1/2018 19:10,SEA
5/1/2018 19:10,CIN
5/1/2018 19:10,NYM
5/1/2018 19:10,MIA
5/1/2018 19:15,SFG
5/1/2018 19:15,STL
5/2/2018 12:10,MIN
5/2/2018 12:15,STL
5/2/2018 12:45,SFG
5/2/2018 13:10,DET
5/2/2018 13:10,CLE
5/2/2018 13:20,CHC
5/2/2018 18:40,ARI
5/2/2018 19:05,WAS
5/2/2018 19:07,LAA
5/2/2018 19:10,BOS
5/2/2018 19:10,HOU
5/2/2018 19:10,SEA
5/2/2018 19:10,CIN
5/2/2018 19:10,NYM
5/2/2018 19:10,MIA
5/3/2018 12:40,ARI
5/3/2018 13:05,WAS
5/3/2018 13:10,NYM
5/3/2018 13:15,KCR
5/3/2018 19:05,TEX
5/3/2018 19:07,LAA
5/3/2018 19:10,HOU
5/3/2018 19:10,SEA
5/3/2018 19:10,CWS
5/4/2018 18:40,ARI
5/4/2018 19:05,NYY
5/4/2018 19:05,OAK
5/4/2018 19:05,WAS
5/4/2018 19:05,TEX
5/4/2018 19:10,SEA
5/4/2018 19:10,CIN
5/4/2018 19:10,MIL
5/4/2018 19:10,NYM
5/4/2018 19:10,CWS
5/4/2018 19:10,TBR
5/4/2018 19:15,STL
5/4/2018 19:15,KCR
5/4/2018 19:35,ATL
5/5/2018 13:05,NYY
5/5/2018 13:15,STL
5/5/2018 15:15,KCR
5/5/2018 16:05,WAS
5/5/2018 17:10,ARI
5/5/2018 18:05,OAK
5/5/2018 18:10,SEA
5/5/2018 18:10,MIL
5/5/2018 18:10,CWS
5/5/2018 18:10,TBR
5/5/2018 19:05,TEX
5/5/2018 19:10,CIN
5/5/2018 19:10,NYM
5/5/2018 19:10,ATL
5/6/2018 13:05,OAK
5/6/2018 13:05,NYY
5/6/2018 13:10,SEA
5/6/2018 13:10,ARI
5/6/2018 13:10,MIL
5/6/2018 13:10,NYM
5/6/2018 13:10,CWS
5/6/2018 13:10,TBR
5/6/2018 13:15,STL
5/6/2018 13:15,KCR
5/6/2018 13:35,WAS
5/6/2018 13:35,ATL
5/6/2018 14:05,TEX
5/6/2018 16:10,CIN
5/7/2018 19:05,OAK
5/7/2018 19:05,CHC
5/7/2018 19:05,PHI
5/7/2018 19:05,TEX
5/7/2018 19:10,CIN
5/7/2018 19:10,SDP
5/7/2018 19:15,STL
5/8/2018 12:15,STL
5/8/2018 18:40,COL
5/8/2018 18:40,MIL
5/8/2018 19:05,BAL
5/8/2018 19:05,NYY
5/8/2018 19:05,OAK
5/8/2018 19:05,CHC
5/8/2018 19:05,PHI
5/8/2018 19:05,TEX
5/8/2018 19:07,TOR
5/8/2018 19:10,CIN
5/8/2018 19:10,SDP
5/8/2018 19:10,CWS
5/8/2018 19:10,LAD
5/8/2018 19:10,TBR
5/9/2018 12:10,MIL
5/9/2018 12:35,OAK
5/9/2018 12:35,CIN
5/9/2018 13:05,TEX
5/9/2018 13:10,COL
5/9/2018 13:20,CHC
5/9/2018 18:10,SDP
5/9/2018 19:05,BAL
5/9/2018 19:05,NYY
5/9/2018 19:05,PHI
5/9/2018 19:07,TOR
5/9/2018 19:10,CWS
5/9/2018 19:10,LAD
5/9/2018 19:10,TBR
5/10/2018 13:05,PHI
5/10/2018 18:40,ARI
5/10/2018 18:40,COL
5/10/2018 19:05,BAL
5/10/2018 19:05,NYY
5/10/2018 19:07,TOR
5/10/2018 19:07,LAA
5/10/2018 19:10,SDP
5/10/2018 19:10,LAD
5/10/2018 19:10,MIA
5/11/2018 13:20,CHC
5/11/2018 18:40,ARI
5/11/2018 18:40,COL
5/11/2018 19:05,BAL
5/11/2018 19:05,NYY
5/11/2018 19:05,PHI
5/11/2018 19:05,PIT
5/11/2018 19:07,TOR
5/11/2018 19:07,LAA
5/11/2018 19:10,DET
5/11/2018 19:10,HOU
5/11/2018 19:10,SDP
5/11/2018 19:10,CLE
5/11/2018 19:10,LAD
5/11/2018 19:10,MIA
5/12/2018 13:05,NYY
5/12/2018 16:07,TOR
5/12/2018 16:10,DET
5/12/2018 16:10,CLE
5/12/2018 17:10,ARI
5/12/2018 17:40,SDP
5/12/2018 18:07,LAA
5/12/2018 18:10,HOU
5/12/2018 18:10,COL
5/12/2018 18:10,LAD
5/12/2018 19:05,BAL
5/12/2018 19:05,PHI
5/12/2018 19:05,PIT
5/12/2018 19:10,MIA
5/13/2018 13:05,BAL
5/13/2018 13:05,NYY
5/13/2018 13:07,TOR
5/13/2018 13:07,LAA
5/13/2018 13:10,DET
5/13/2018 13:10,HOU
5/13/2018 13:10,ARI
5/13/2018 13:10,COL
5/13/2018 13:10,SDP
5/13/2018 13:10,CLE
5/13/2018 13:10,LAD
5/13/2018 13:10,MIA
5/13/2018 13:35,PHI
5/13/2018 13:35,PIT
5/14/2018 18:05,KCR
5/14/2018 18:40,ARI
5/14/2018 19:07,LAA
5/14/2018 19:10,BOS
5/14/2018 19:10,DET
5/14/2018 19:10,SDP
5/14/2018 19:15,SFG
5/15/2018 12:40,SDP
5/15/2018 18:40,ARI
5/15/2018 19:05,BAL
5/15/2018 19:05,PIT
5/15/2018 19:05,WAS
5/15/2018 19:07,LAA
5/15/2018 19:10,BOS
5/15/2018 19:10,DET
5/15/2018 19:10,MIN
5/15/2018 19:10,SEA
5/15/2018 19:10,NYM
5/15/2018 19:10,MIA
5/15/2018 19:15,SFG
5/15/2018 19:15,KCR
5/15/2018 19:35,ATL
5/16/2018 12:10,MIN
5/16/2018 12:35,BAL
5/16/2018 12:35,PIT
5/16/2018 12:40,SEA
5/16/2018 12:40,ARI
5/16/2018 12:45,SFG
5/16/2018 13:10,DET
5/16/2018 13:10,NYM
5/16/2018 13:15,KCR
5/16/2018 18:40,LAA
5/16/2018 19:05,WAS
5/16/2018 19:10,BOS
5/16/2018 19:10,MIA
5/16/2018 19:35,ATL
5/17/2018 12:10,MIA
5/17/2018 18:15,STL
5/17/2018 19:05,PIT
5/17/2018 19:07,TOR
5/17/2018 19:07,LAA
5/17/2018 19:10,SEA
5/17/2018 19:10,CWS
5/17/2018 19:15,SFG
5/17/2018 19:35,ATL
5/18/2018 19:05,PIT
5/18/2018 19:05,WAS
5/18/2018 19:07,TOR
5/18/2018 19:07,LAA
5/18/2018 19:10,BOS
5/18/2018 19:10,HOU
5/18/2018 19:10,MIN
5/18/2018 19:10,SEA
5/18/2018 19:10,CIN
5/18/2018 19:10,NYM
5/18/2018 19:10,CWS
5/18/2018 19:15,SFG
5/18/2018 19:15,STL
5/18/2018 19:15,KCR
5/18/2018 19:35,ATL
5/19/2018 13:07,TOR
5/19/2018 13:15,STL
5/19/2018 15:10,HOU
5/19/2018 18:07,LAA
5/19/2018 18:10,MIN
5/19/2018 18:10,SEA
5/19/2018 18:10,CWS
5/19/2018 18:15,KCR
5/19/2018 19:05,PIT
5/19/2018 19:05,WAS
5/19/2018 19:10,BOS
5/19/2018 19:10,CIN
5/19/2018 19:10,NYM
5/19/2018 19:10,ATL
5/20/2018 13:05,BOS
5/20/2018 13:05,SFG
5/20/2018 13:07,TOR
5/20/2018 13:07,LAA
5/20/2018 13:10,HOU
5/20/2018 13:10,MIN
5/20/2018 13:10,SEA
5/20/2018 13:10,CIN
5/20/2018 13:10,NYM
5/20/2018 13:10,CWS
5/20/2018 13:15,STL
5/20/2018 13:15,KCR
5/20/2018 13:35,PIT
5/20/2018 13:35,WAS
5/20/2018 13:35,ATL
5/21/2018 18:40,MIL
5/21/2018 19:05,PHI
5/21/2018 19:05,WAS
5/21/2018 19:05,TEX
5/21/2018 19:10,MIN
5/21/2018 19:10,NYM
5/21/2018 19:10,CWS
5/21/2018 19:10,LAD
5/21/2018 19:15,STL
5/22/2018 18:40,MIL
5/22/2018 19:05,OAK
5/22/2018 19:05,CHC
5/22/2018 19:05,PHI
5/22/2018 19:05,WAS
5/22/2018 19:05,TEX
5/22/2018 19:07,TOR
5/22/2018 19:10,HOU
5/22/2018 19:10,MIN
5/22/2018 19:10,CIN
5/22/2018 19:10,NYM
5/22/2018 19:10,CWS
5/22/2018 19:10,LAD
5/22/2018 19:10,TBR
5/22/2018 19:15,STL
5/23/2018 12:10,MIN
5/23/2018 12:10,MIL
5/23/2018 12:15,STL
5/23/2018 13:10,HOU
5/23/2018 16:05,WAS
5/23/2018 18:05,TEX
5/23/2018 19:05,OAK
5/23/2018 19:05,CHC
5/23/2018 19:05,PHI
5/23/2018 19:07,TOR
5/23/2018 19:10,CIN
5/23/2018 19:10,NYM
5/23/2018 19:10,CWS
5/23/2018 19:10,LAD
5/23/2018 19:10,TBR
5/24/2018 12:35,OAK
5/24/2018 12:35,CIN
5/24/2018 12:37,TOR
5/24/2018 13:10,CWS
5/24/2018 18:10,CLE
5/24/2018 19:05,TEX
5/24/2018 19:10,MIL
5/24/2018 19:10,TBR
5/25/2018 13:20,CHC
5/25/2018 18:35,OAK
5/25/2018 18:40,COL
5/25/2018 19:05,NYY
5/25/2018 19:05,PHI
5/25/2018 19:05,PIT
5/25/2018 19:05,TEX
5/25/2018 19:10,BOS
5/25/2018 19:10,DET
5/25/2018 19:10,SEA
5/25/2018 19:10,MIL
5/25/2018 19:10,CLE
5/25/2018 19:10,LAD
5/25/2018 19:10,MIA
5/25/2018 19:10,TBR
5/26/2018 13:05,BOS
5/26/2018 13:05,OAK
5/26/2018 15:05,TEX
5/26/2018 15:10,MIL
5/26/2018 16:05,PHI
5/26/2018 16:05,PIT
5/26/2018 16:10,DET
5/26/2018 16:10,MIA
5/26/2018 16:10,TBR
5/26/2018 18:15,CHC
5/26/2018 19:10,SEA
5/26/2018 19:10,COL
5/26/2018 19:10,LAD
5/26/2018 19:15,NYY
5/26/2018 19:15,CLE
5/27/2018 13:05,BOS
5/27/2018 13:05,NYY
5/27/2018 13:05,OAK
5/27/2018 13:10,DET
5/27/2018 13:10,SEA
5/27/2018 13:10,COL
5/27/2018 13:10,MIL
5/27/2018 13:10,CLE
5/27/2018 13:10,LAD
5/27/2018 13:10,MIA
5/27/2018 13:10,TBR
5/27/2018 13:35,PHI
5/27/2018 13:35,PIT
5/27/2018 14:05,TEX
5/27/2018 19:05,CHC
5/28/2018 13:05,BOS
5/28/2018 13:05,BAL
5/28/2018 13:05,NYY
5/28/2018 13:05,OAK
5/28/2018 13:10,DET
5/28/2018 13:10,SEA
5/28/2018 13:10,ARI
5/28/2018 13:10,MIL
5/28/2018 13:10,SDP
5/28/2018 13:35,PIT
5/28/2018 13:35,ATL
5/28/2018 16:10,CLE
5/28/2018 17:10,COL
5/28/2018 17:10,LAD
5/28/2018 18:15,KCR
5/29/2018 18:10,CLE
5/29/2018 18:40,ARI
5/29/2018 18:40,COL
5/29/2018 18:40,MIL
5/29/2018 19:05,BAL
5/29/2018 19:05,NYY
5/29/2018 19:05,OAK
5/29/2018 19:05,PIT
5/29/2018 19:10,BOS
5/29/2018 19:10,DET
5/29/2018 19:10,SEA
5/29/2018 19:10,SDP
5/29/2018 19:10,LAD
5/29/2018 19:15,KCR
5/29/2018 19:35,ATL
5/30/2018 12:10,MIL
5/30/2018 13:05,BOS
5/30/2018 13:10,CLE
5/30/2018 18:35,NYY
5/30/2018 18:40,ARI
5/30/2018 18:40,COL
5/30/2018 19:05,BAL
5/30/2018 19:05,OAK
5/30/2018 19:05,PIT
5/30/2018 19:10,DET
5/30/2018 19:10,SEA
5/30/2018 19:10,SDP
5/30/2018 19:10,LAD
5/30/2018 19:15,KCR
5/30/2018 19:35,ATL
5/31/2018 12:35,OAK
5/31/2018 13:10,DET
5/31/2018 18:15,STL
5/31/2018 19:05,BAL
5/31/2018 19:10,HOU
5/31/2018 19:10,MIN
5/31/2018 19:10,SEA
5/31/2018 19:10,NYM
5/31/2018 19:10,SDP
5/31/2018 19:35,ATL
6/1/2018 18:40,ARI
6/1/2018 18:40,COL
6/1/2018 19:05,BAL
6/1/2018 19:07,LAA
6/1/2018 19:10,DET
6/1/2018 19:10,HOU
6/1/2018 19:10,MIN
6/1/2018 19:10,SEA
6/1/2018 19:10,NYM
6/1/2018 19:10,SDP
6/1/2018 19:10,CWS
6/1/2018 19:15,SFG
6/1/2018 19:15,STL
6/1/2018 19:15,KCR
6/1/2018 19:35,ATL
6/2/2018 13:10,MIN
6/2/2018 13:10,CWS
6/2/2018 13:15,STL
6/2/2018 13:15,KCR
6/2/2018 15:10,HOU
6/2/2018 16:05,BAL
6/2/2018 16:10,DET
6/2/2018 16:10,ATL
6/2/2018 17:15,COL
6/2/2018 17:40,SDP
6/2/2018 18:07,LAA
6/2/2018 19:10,SEA
6/2/2018 19:10,ARI
6/2/2018 19:15,NYM
6/3/2018 13:05,BAL
6/3/2018 13:05,SFG
6/3/2018 13:07,LAA
6/3/2018 13:10,DET
6/3/2018 13:10,HOU
6/3/2018 13:10,MIN
6/3/2018 13:10,SEA
6/3/2018 13:10,ARI
6/3/2018 13:10,COL
6/3/2018 13:10,NYM
6/3/2018 13:10,SDP
6/3/2018 13:10,CWS
6/3/2018 13:15,STL
6/3/2018 13:15,KCR
6/3/2018 13:35,ATL
6/4/2018 19:07,LAA
6/4/2018 19:10,SDP
6/4/2018 19:15,SFG
6/5/2018 19:05,CHC
6/5/2018 19:05,PIT
6/5/2018 19:05,WAS
6/5/2018 19:05,TEX
6/5/2018 19:07,TOR
6/5/2018 19:07,LAA
6/5/2018 19:10,BOS
6/5/2018 19:10,HOU
6/5/2018 19:10,MIN
6/5/2018 19:10,CIN
6/5/2018 19:10,NYM
6/5/2018 19:10,SDP
6/5/2018 19:10,CLE
6/5/2018 19:15,SFG
6/5/2018 19:15,STL
6/6/2018 12:40,SDP
6/6/2018 12:45,SFG
6/6/2018 13:05,WAS
6/6/2018 13:10,NYM
6/6/2018 13:10,CLE
6/6/2018 19:05,CHC
6/6/2018 19:05,PIT
6/6/2018 19:05,TEX
6/6/2018 19:07,TOR
6/6/2018 19:07,LAA
6/6/2018 19:10,BOS
6/6/2018 19:10,HOU
6/6/2018 19:10,MIN
6/6/2018 19:10,CIN
6/6/2018 19:15,STL
6/7/2018 12:10,MIN
6/7/2018 12:15,STL
6/7/2018 12:35,CIN
6/7/2018 12:35,PIT
6/7/2018 13:20,CHC
6/7/2018 19:05,OAK
6/7/2018 19:05,TEX
6/7/2018 19:07,TOR
6/7/2018 19:10,BOS
6/7/2018 19:10,TBR
6/8/2018 13:20,CHC
6/8/2018 18:40,COL
6/8/2018 19:05,OAK
6/8/2018 19:05,PHI
6/8/2018 19:05,WAS
6/8/2018 19:05,TEX
6/8/2018 19:07,TOR
6/8/2018 19:10,BOS
6/8/2018 19:10,DET
6/8/2018 19:10,MIN
6/8/2018 19:10,CIN
6/8/2018 19:10,NYM
6/8/2018 19:10,LAD
6/8/2018 19:10,MIA
6/8/2018 19:10,TBR
6/9/2018 12:05,WAS
6/9/2018 13:05,OAK
6/9/2018 13:05,PHI
6/9/2018 13:07,TOR
6/9/2018 13:10,MIN
6/9/2018 16:05,BOS
6/9/2018 16:10,DET
6/9/2018 16:10,CIN
6/9/2018 16:10,MIA
6/9/2018 16:10,TBR
6/9/2018 17:15,COL
6/9/2018 18:10,LAD
6/9/2018 18:15,TEX
6/9/2018 19:15,NYM
6/10/2018 13:05,BOS
6/10/2018 13:05,OAK
6/10/2018 13:07,TOR
6/10/2018 13:10,DET
6/10/2018 13:10,MIN
6/10/2018 13:10,CIN
6/10/2018 13:10,COL
6/10/2018 13:10,NYM
6/10/2018 13:10,LAD
6/10/2018 13:10,MIA
6/10/2018 13:10,TBR
6/10/2018 13:35,PHI
6/10/2018 14:05,TEX
6/10/2018 16:05,WAS
6/11/2018 18:40,ARI
6/11/2018 19:05,BAL
6/11/2018 19:10,SEA
6/11/2018 19:10,MIL
6/11/2018 19:10,CWS
6/11/2018 19:10,MIA
6/11/2018 19:10,TBR
6/11/2018 19:15,STL
6/12/2018 18:40,ARI
6/12/2018 19:05,BAL
6/12/2018 19:05,NYY
6/12/2018 19:05,OAK
6/12/2018 19:05,PHI
6/12/2018 19:10,DET
6/12/2018 19:10,SEA
6/12/2018 19:10,MIL
6/12/2018 19:10,CWS
6/12/2018 19:10,LAD
6/12/2018 19:10,MIA
6/12/2018 19:10,TBR
6/12/2018 19:15,STL
6/12/2018 19:15,KCR
6/12/2018 19:35,ATL
6/13/2018 12:10,ATL
6/13/2018 12:40,ARI
6/13/2018 13:10,SEA
6/13/2018 13:10,MIL
6/13/2018 13:10,TBR
6/13/2018 15:05,BAL
6/13/2018 19:05,NYY
6/13/2018 19:05,OAK
6/13/2018 19:05,PHI
6/13/2018 19:10,DET
6/13/2018 19:10,CWS
6/13/2018 19:10,LAD
6/13/2018 19:10,MIA
6/13/2018 19:15,STL
6/13/2018 19:15,KCR
6/14/2018 12:10,MIA
6/14/2018 12:35,OAK
6/14/2018 13:05,PHI
6/14/2018 13:10,DET
6/14/2018 13:10,CWS
6/14/2018 18:40,ARI
6/14/2018 19:05,NYY
6/14/2018 19:10,SEA
6/14/2018 19:35,ATL
6/15/2018 18:35,OAK
6/15/2018 18:40,ARI
6/15/2018 19:05,BAL
6/15/2018 19:05,NYY
6/15/2018 19:05,PIT
6/15/2018 19:05,TEX
6/15/2018 19:07,TOR
6/15/2018 19:10,SEA
6/15/2018 19:10,MIL
6/15/2018 19:10,CLE
6/15/2018 19:10,CWS
6/15/2018 19:10,LAD
6/15/2018 19:15,STL
6/15/2018 19:15,KCR
6/15/2018 19:35,ATL
6/16/2018 13:05,NYY
6/16/2018 13:05,OAK
6/16/2018 13:10,CWS
6/16/2018 13:15,KCR
6/16/2018 15:05,TEX
6/16/2018 15:10,MIL
6/16/2018 16:05,BAL
6/16/2018 16:05,PIT
6/16/2018 16:07,TOR
6/16/2018 16:10,CLE
6/16/2018 17:10,ATL
6/16/2018 17:15,SEA
6/16/2018 17:15,LAD
6/16/2018 19:10,ARI
6/16/2018 19:15,STL
6/17/2018 13:05,BAL
6/17/2018 13:05,OAK
6/17/2018 13:07,TOR
6/17/2018 13:10,SEA
6/17/2018 13:10,ARI
6/17/2018 13:10,MIL
6/17/2018 13:10,CLE
6/17/2018 13:10,CWS
6/17/2018 13:10,LAD
6/17/2018 13:15,STL
6/17/2018 13:15,KCR
6/17/2018 13:35,PIT
6/17/2018 13:35,ATL
6/17/2018 14:05,NYY
6/17/2018 14:05,TEX
6/18/2018 18:40,COL
6/18/2018 19:05,CHC
6/18/2018 19:05,PHI
6/18/2018 19:05,PIT
6/18/2018 19:07,LAA
6/18/2018 19:10,HOU
6/18/2018 19:10,CLE
6/18/2018 19:15,SFG
6/18/2018 19:15,KCR
6/19/2018 18:40,COL
6/19/2018 19:05,NYY
6/19/2018 19:05,CHC
6/19/2018 19:05,PHI
6/19/2018 19:05,PIT
6/19/2018 19:05,WAS
6/19/2018 19:07,TOR
6/19/2018 19:07,LAA
6/19/2018 19:10,HOU
6/19/2018 19:10,MIN
6/19/2018 19:10,CIN
6/19/2018 19:10,SDP
6/19/2018 19:10,CLE
6/19/2018 19:15,SFG
6/19/2018 19:15,KCR
6/20/2018 12:35,CIN
6/20/2018 12:37,TOR
6/20/2018 12:40,SDP
6/20/2018 12:45,SFG
6/20/2018 13:05,PHI
6/20/2018 13:10,CLE
6/20/2018 13:20,CHC
6/20/2018 18:40,COL
6/20/2018 19:05,NYY
6/20/2018 19:05,PIT
6/20/2018 19:05,WAS
6/20/2018 19:10,HOU
6/20/2018 19:10,MIN
6/20/2018 19:15,KCR
6/21/2018 12:10,MIN
6/21/2018 13:05,NYY
6/21/2018 13:10,COL
6/21/2018 19:05,PIT
6/21/2018 19:05,WAS
6/21/2018 19:07,LAA
6/21/2018 19:10,CIN
6/21/2018 19:10,MIL
6/21/2018 19:10,CWS
6/21/2018 19:15,SFG
6/22/2018 18:40,COL
6/22/2018 19:05,PIT
6/22/2018 19:05,WAS
6/22/2018 19:07,LAA
6/22/2018 19:10,BOS
6/22/2018 19:10,HOU
6/22/2018 19:10,MIN
6/22/2018 19:10,CIN
6/22/2018 19:10,MIL
6/22/2018 19:10,NYM
6/22/2018 19:10,CLE
6/22/2018 19:10,CWS
6/22/2018 19:10,TBR
6/22/2018 19:15,SFG
6/22/2018 19:35,ATL
6/23/2018 13:10,MIN
6/23/2018 13:10,COL
6/23/2018 13:10,CWS
6/23/2018 15:10,HOU
6/23/2018 15:10,MIL
6/23/2018 16:05,PIT
6/23/2018 16:10,CIN
6/23/2018 16:10,ATL
6/23/2018 16:10,TBR
6/23/2018 18:07,LAA
6/23/2018 18:10,CLE
6/23/2018 19:15,BOS
6/23/2018 19:15,NYM
6/24/2018 13:05,BOS
6/24/2018 13:05,SFG
6/24/2018 13:07,LAA
6/24/2018 13:10,HOU
6/24/2018 13:10,MIN
6/24/2018 13:10,CIN
6/24/2018 13:10,COL
6/24/2018 13:10,MIL
6/24/2018 13:10,NYM
6/24/2018 13:10,CLE
6/24/2018 13:10,CWS
6/24/2018 13:10,TBR
6/24/2018 13:35,PIT
6/24/2018 13:35,WAS
6/24/2018 13:35,ATL
6/25/2018 15:10,DET
6/25/2018 19:05,BAL
6/25/2018 19:05,PHI
6/25/2018 19:05,TEX
6/25/2018 19:10,HOU
6/25/2018 19:10,NYM
6/25/2018 19:10,LAD
6/25/2018 19:10,MIA
6/25/2018 19:10,TBR
6/25/2018 19:15,STL
6/25/2018 19:35,ATL
6/26/2018 12:10,TBR
6/26/2018 19:05,BAL
6/26/2018 19:05,PHI
6/26/2018 19:05,TEX
6/26/2018 19:10,BOS
6/26/2018 19:10,DET
6/26/2018 19:10,HOU
6/26/2018 19:10,MIL
6/26/2018 19:10,NYM
6/26/2018 19:10,CWS
6/26/2018 19:10,LAD
6/26/2018 19:10,MIA
6/26/2018 19:15,SFG
6/26/2018 19:15,STL
6/26/2018 19:35,ATL
6/27/2018 12:10,ATL
6/27/2018 13:10,HOU
6/27/2018 13:10,MIL
6/27/2018 19:05,BAL
6/27/2018 19:05,PHI
6/27/2018 19:05,TEX
6/27/2018 19:10,BOS
6/27/2018 19:10,DET
6/27/2018 19:10,NYM
6/27/2018 19:10,CWS
6/27/2018 19:10,LAD
6/27/2018 19:10,MIA
6/27/2018 19:15,SFG
6/27/2018 19:15,STL
6/28/2018 12:10,LAD
6/28/2018 12:10,MIA
6/28/2018 12:45,SFG
6/28/2018 13:10,DET
6/28/2018 13:10,CWS
6/28/2018 15:05,BAL
6/28/2018 19:05,PHI
6/28/2018 19:10,BOS
6/28/2018 19:10,CIN
6/28/2018 19:10,TBR
6/29/2018 16:05,CHC
6/29/2018 18:40,ARI
6/29/2018 19:05,BAL
6/29/2018 19:05,NYY
6/29/2018 19:05,OAK
6/29/2018 19:05,PHI
6/29/2018 19:05,TEX
6/29/2018 19:07,TOR
6/29/2018 19:10,SEA
6/29/2018 19:10,CIN
6/29/2018 19:10,SDP
6/29/2018 19:10,LAD
6/29/2018 19:10,MIA
6/29/2018 19:10,TBR
6/29/2018 19:15,STL
6/30/2018 13:05,OAK
6/30/2018 13:07,TOR
6/30/2018 16:05,BAL
6/30/2018 16:10,CIN
6/30/2018 16:10,MIA
6/30/2018 16:10,TBR
6/30/2018 16:15,LAD
6/30/2018 18:05,PHI
6/30/2018 18:15,STL
6/30/2018 19:10,SEA
6/30/2018 19:10,ARI
6/30/2018 19:10,SDP
6/30/2018 19:15,NYY
6/30/2018 20:05,TEX
7/1/2018 13:05,BAL
7/1/2018 13:05,OAK
7/1/2018 13:07,TOR
7/1/2018 13:10,SEA
7/1/2018 13:10,ARI
7/1/2018 13:10,CIN
7/1/2018 13:10,SDP
7/1/2018 13:10,LAD
7/1/2018 13:10,MIA
7/1/2018 13:10,TBR
7/1/2018 13:15,STL
7/1/2018 13:35,PHI
7/1/2018 14:05,TEX
7/1/2018 20:08,NYY
7/2/2018 13:07,TOR
7/2/2018 18:40,ARI
7/2/2018 18:40,COL
7/2/2018 19:05,NYY
7/2/2018 19:05,WAS
7/2/2018 19:10,CIN
7/2/2018 19:10,MIL
7/2/2018 19:10,LAD
7/2/2018 19:10,MIA
7/2/2018 19:15,KCR
7/3/2018 13:20,CHC
7/3/2018 15:10,MIL
7/3/2018 18:05,OAK
7/3/2018 18:05,WAS
7/3/2018 18:10,COL
7/3/2018 18:40,ARI
7/3/2018 19:05,NYY
7/3/2018 19:05,PHI
7/3/2018 19:05,TEX
7/3/2018 19:07,TOR
7/3/2018 19:10,SEA
7/3/2018 19:10,CIN
7/3/2018 19:10,LAD
7/3/2018 19:10,MIA
7/3/2018 19:15,KCR
7/4/2018 11:05,WAS
7/4/2018 13:05,NYY
7/4/2018 13:05,OAK
7/4/2018 13:10,SEA
7/4/2018 13:10,MIA
7/4/2018 13:20,CHC
7/4/2018 15:10,MIL
7/4/2018 16:05,PHI
7/4/2018 17:10,LAD
7/4/2018 18:05,TEX
7/4/2018 18:10,COL
7/4/2018 18:40,CIN
7/4/2018 19:07,TOR
7/4/2018 19:10,ARI
7/5/2018 18:40,ARI
7/5/2018 19:05,WAS
7/5/2018 19:10,DET
7/5/2018 19:10,HOU
7/5/2018 19:10,MIN
7/5/2018 19:10,SEA
7/5/2018 19:10,MIL
7/5/2018 19:15,SFG
7/6/2018 13:20,CHC
7/6/2018 18:40,ARI
7/6/2018 19:05,PIT
7/6/2018 19:05,WAS
7/6/2018 19:07,TOR
7/6/2018 19:07,LAA
7/6/2018 19:10,DET
7/6/2018 19:10,HOU
7/6/2018 19:10,MIN
7/6/2018 19:10,SEA
7/6/2018 19:10,MIL
7/6/2018 19:10,NYM
7/6/2018 19:10,CLE
7/6/2018 19:15,SFG
7/6/2018 19:15,KCR
7/7/2018 13:10,MIN
7/7/2018 13:10,SEA
7/7/2018 15:10,HOU
7/7/2018 15:10,MIL
7/7/2018 16:05,PIT
7/7/2018 16:07,TOR
7/7/2018 16:10,DET
7/7/2018 16:10,NYM
7/7/2018 16:10,CLE
7/7/2018 16:15,LAA
7/7/2018 18:15,KCR
7/7/2018 19:10,ARI
7/7/2018 19:15,WAS
7/8/2018 13:05,SFG
7/8/2018 13:07,TOR
7/8/2018 13:10,DET
7/8/2018 13:10,HOU
7/8/2018 13:10,MIN
7/8/2018 13:10,SEA
7/8/2018 13:10,ARI
7/8/2018 13:10,MIL
7/8/2018 13:10,NYM
7/8/2018 13:10,CLE
7/8/2018 13:15,KCR
7/8/2018 13:35,PIT
7/8/2018 13:35,WAS
7/9/2018 19:05,BAL
7/9/2018 19:05,PIT
7/9/2018 19:10,BOS
7/9/2018 19:10,HOU
7/9/2018 19:10,MIN
7/9/2018 19:10,NYM
7/9/2018 19:10,SDP
7/9/2018 19:10,CLE
7/9/2018 19:10,MIA
7/9/2018 19:10,TBR
7/9/2018 19:15,SFG
7/10/2018 18:40,COL
7/10/2018 19:05,BAL
7/10/2018 19:05,PIT
7/10/2018 19:07,LAA
7/10/2018 19:10,BOS
7/10/2018 19:10,HOU
7/10/2018 19:10,MIN
7/10/2018 19:10,NYM
7/10/2018 19:10,SDP
7/10/2018 19:10,CLE
7/10/2018 19:10,CWS
7/10/2018 19:10,MIA
7/10/2018 19:10,TBR
7/10/2018 19:15,SFG
7/10/2018 19:35,ATL
7/11/2018 12:10,MIN
7/11/2018 12:10,TBR
7/11/2018 12:35,PIT
7/11/2018 12:45,SFG
7/11/2018 18:40,COL
7/11/2018 19:05,BAL
7/11/2018 19:07,LAA
7/11/2018 19:10,BOS
7/11/2018 19:10,HOU
7/11/2018 19:10,NYM
7/11/2018 19:10,SDP
7/11/2018 19:10,CLE
7/11/2018 19:10,CWS
7/11/2018 19:10,MIA
7/11/2018 19:35,ATL
7/12/2018 13:10,HOU
7/12/2018 13:10,COL
7/12/2018 19:05,PIT
7/12/2018 19:07,LAA
7/12/2018 19:10,BOS
7/12/2018 19:10,MIN
7/12/2018 19:10,NYM
7/12/2018 19:10,SDP
7/12/2018 19:10,CLE
7/13/2018 18:40,COL
7/13/2018 19:05,BAL
7/13/2018 19:05,PIT
7/13/2018 19:10,BOS
7/13/2018 19:10,HOU
7/13/2018 19:10,MIN
7/13/2018 19:10,NYM
7/13/2018 19:10,SDP
7/13/2018 19:10,CLE
7/13/2018 19:10,CWS
7/13/2018 19:10,LAD
7/13/2018 19:10,MIA
7/13/2018 19:15,SFG
7/13/2018 19:15,STL
7/13/2018 19:35,ATL
7/14/2018 13:05,BOS
7/14/2018 13:10,MIN
7/14/2018 13:10,CWS
7/14/2018 15:10,HOU
7/14/2018 15:10,STL
7/14/2018 16:05,PIT
7/14/2018 16:10,NYM
7/14/2018 16:10,ATL
7/14/2018 16:10,MIA
7/14/2018 16:15,LAD
7/14/2018 19:10,COL
7/14/2018 19:10,SDP
7/14/2018 19:15,BAL
7/14/2018 19:15,CLE
7/15/2018 13:05,BOS
7/15/2018 13:05,BAL
7/15/2018 13:05,SFG
7/15/2018 13:10,HOU
7/15/2018 13:10,MIN
7/15/2018 13:10,COL
7/15/2018 13:10,NYM
7/15/2018 13:10,SDP
7/15/2018 13:10,CLE
7/15/2018 13:10,CWS
7/15/2018 13:10,LAD
7/15/2018 13:10,MIA
7/15/2018 13:15,STL
7/15/2018 13:35,PIT
7/15/2018 13:35,ATL
7/19/2018 18:05,CHC
7/20/2018 13:20,CHC
7/20/2018 18:35,OAK
7/20/2018 18:40,ARI
7/20/2018 19:05,NYY
7/20/2018 19:05,PHI
7/20/2018 19:05,WAS
7/20/2018 19:05,TEX
7/20/2018 19:07,TOR
7/20/2018 19:07,LAA
7/20/2018 19:10,DET
7/20/2018 19:10,SEA
7/20/2018 19:10,CIN
7/20/2018 19:10,MIL
7/20/2018 19:10,TBR
7/20/2018 19:15,KCR
7/21/2018 13:05,NYY
7/21/2018 13:07,TOR
7/21/2018 16:15,LAA
7/21/2018 17:10,ARI
7/21/2018 18:05,OAK
7/21/2018 18:10,DET
7/21/2018 18:10,MIL
7/21/2018 18:10,TBR
7/21/2018 18:15,CHC
7/21/2018 18:15,KCR
7/21/2018 19:05,PHI
7/21/2018 19:05,WAS
7/21/2018 19:05,TEX
7/21/2018 19:10,SEA
7/21/2018 19:10,CIN
7/22/2018 13:05,OAK
7/22/2018 13:07,TOR
7/22/2018 13:07,LAA
7/22/2018 13:10,DET
7/22/2018 13:10,SEA
7/22/2018 13:10,ARI
7/22/2018 13:10,CIN
7/22/2018 13:10,MIL
7/22/2018 13:10,TBR
7/22/2018 13:15,KCR
7/22/2018 13:35,PHI
7/22/2018 13:35,WAS
7/22/2018 14:05,TEX
7/22/2018 20:08,NYY
7/23/2018 19:05,BAL
7/23/2018 19:05,CHC
7/23/2018 19:05,PHI
7/23/2018 19:05,TEX
7/23/2018 19:07,TOR
7/23/2018 19:07,LAA
7/23/2018 19:10,CIN
7/23/2018 19:10,MIL
7/23/2018 19:10,NYM
7/23/2018 19:10,CLE
7/23/2018 19:10,MIA
7/23/2018 19:10,TBR
7/23/2018 19:15,KCR
7/24/2018 12:10,MIA
7/24/2018 18:40,COL
7/24/2018 19:05,BAL
7/24/2018 19:05,CHC
7/24/2018 19:05,PHI
7/24/2018 19:05,TEX
7/24/2018 19:07,TOR
7/24/2018 19:07,LAA
7/24/2018 19:10,SEA
7/24/2018 19:10,CIN
7/24/2018 19:10,MIL
7/24/2018 19:10,NYM
7/24/2018 19:10,CLE
7/24/2018 19:10,TBR
7/24/2018 19:15,KCR
7/25/2018 12:10,NYM
7/25/2018 12:10,TBR
7/25/2018 12:35,CIN
7/25/2018 12:35,PHI
7/25/2018 13:10,SEA
7/25/2018 13:10,MIL
7/25/2018 13:10,CLE
7/25/2018 13:15,KCR
7/25/2018 13:20,CHC
7/25/2018 16:07,TOR
7/25/2018 18:40,COL
7/25/2018 19:05,BAL
7/25/2018 19:05,TEX
7/25/2018 19:07,LAA
7/26/2018 13:07,LAA
7/26/2018 13:20,CHC
7/26/2018 19:05,BAL
7/26/2018 19:05,NYY
7/26/2018 19:05,PIT
7/26/2018 19:05,TEX
7/26/2018 19:10,BOS
7/26/2018 19:10,CIN
7/26/2018 19:10,MIA
7/26/2018 19:15,SFG
7/26/2018 19:35,ATL
7/27/2018 18:40,COL
7/27/2018 19:05,BAL
7/27/2018 19:05,NYY
7/27/2018 19:05,PIT
7/27/2018 19:07,LAA
7/27/2018 19:10,BOS
7/27/2018 19:10,DET
7/27/2018 19:10,HOU
7/27/2018 19:10,CIN
7/27/2018 19:10,SDP
7/27/2018 19:10,CWS
7/27/2018 19:10,MIA
7/27/2018 19:15,SFG
7/27/2018 19:15,STL
7/27/2018 19:35,ATL
7/28/2018 13:05,NYY
7/28/2018 17:40,SDP
7/28/2018 18:07,LAA
7/28/2018 18:10,DET
7/28/2018 18:10,HOU
7/28/2018 18:10,COL
7/28/2018 18:10,CWS
7/28/2018 18:15,STL
7/28/2018 19:05,BAL
7/28/2018 19:05,PIT
7/28/2018 19:10,BOS
7/28/2018 19:10,CIN
7/28/2018 19:10,ATL
7/28/2018 19:10,MIA
7/29/2018 13:05,BOS
7/29/2018 13:05,BAL
7/29/2018 13:05,SFG
7/29/2018 13:05,NYY
7/29/2018 13:07,LAA
7/29/2018 13:10,DET
7/29/2018 13:10,HOU
7/29/2018 13:10,CIN
7/29/2018 13:10,COL
7/29/2018 13:10,SDP
7/29/2018 13:10,CWS
7/29/2018 13:10,MIA
7/29/2018 13:15,STL
7/29/2018 13:35,PIT
7/29/2018 13:35,ATL
7/30/2018 18:40,ARI
7/30/2018 19:05,OAK
7/30/2018 19:10,BOS
7/30/2018 19:10,MIN
7/30/2018 19:10,SEA
7/30/2018 19:10,SDP
7/30/2018 19:10,LAD
7/30/2018 19:15,STL
7/30/2018 19:35,ATL
7/31/2018 12:40,ARI
7/31/2018 13:10,SDP
7/31/2018 19:05,NYY
7/31/2018 19:05,OAK
7/31/2018 19:05,PIT
7/31/2018 19:05,WAS
7/31/2018 19:10,BOS
7/31/2018 19:10,DET
7/31/2018 19:10,MIN
7/31/2018 19:10,SEA
7/31/2018 19:10,CWS
7/31/2018 19:10,LAD
7/31/2018 19:10,TBR
7/31/2018 19:15,STL
7/31/2018 19:35,ATL
8/1/2018 12:05,WAS
8/1/2018 12:10,MIN
8/1/2018 12:35,OAK
8/1/2018 13:05,NYY
8/1/2018 13:10,DET
8/1/2018 13:10,SEA
8/1/2018 19:05,PIT
8/1/2018 19:10,CWS
8/1/2018 19:10,LAD
8/1/2018 19:10,TBR
8/1/2018 19:15,STL
8/1/2018 19:35,ATL
8/2/2018 12:15,STL
8/2/2018 13:10,CWS
8/2/2018 13:10,TBR
8/2/2018 18:00,LAD
8/2/2018 18:40,ARI
8/2/2018 19:05,CHC
8/2/2018 19:05,PHI
8/2/2018 19:05,WAS
8/2/2018 19:05,TEX
8/2/2018 19:10,BOS
8/2/2018 19:10,SEA
8/2/2018 19:10,NYM
8/3/2018 13:20,CHC
8/3/2018 18:40,ARI
8/3/2018 19:05,OAK
8/3/2018 19:05,PHI
8/3/2018 19:05,PIT
8/3/2018 19:05,WAS
8/3/2018 19:05,TEX
8/3/2018 19:10,BOS
8/3/2018 19:10,MIN
8/3/2018 19:10,SEA
8/3/2018 19:10,MIL
8/3/2018 19:10,NYM
8/3/2018 19:10,CLE
8/3/2018 19:10,LAD
8/3/2018 19:10,TBR
8/4/2018 16:05,BOS
8/4/2018 17:10,ARI
8/4/2018 18:05,OAK
8/4/2018 18:10,MIN
8/4/2018 18:10,MIL
8/4/2018 18:10,LAD
8/4/2018 18:10,TBR
8/4/2018 19:05,PHI
8/4/2018 19:05,PIT
8/4/2018 19:05,WAS
8/4/2018 19:05,TEX
8/4/2018 19:10,SEA
8/4/2018 19:10,NYM
8/4/2018 19:10,CLE
8/5/2018 13:05,OAK
8/5/2018 13:10,MIN
8/5/2018 13:10,SEA
8/5/2018 13:10,ARI
8/5/2018 13:10,MIL
8/5/2018 13:10,NYM
8/5/2018 13:10,CLE
8/5/2018 13:10,LAD
8/5/2018 13:10,TBR
8/5/2018 13:35,PHI
8/5/2018 13:35,PIT
8/5/2018 13:35,WAS
8/5/2018 14:05,TEX
8/6/2018 18:40,ARI
8/6/2018 18:40,COL
8/6/2018 19:05,TEX
8/6/2018 19:07,LAA
8/6/2018 19:10,NYM
8/6/2018 19:10,CLE
8/6/2018 19:10,CWS
8/6/2018 19:10,MIA
8/6/2018 19:15,SFG
8/6/2018 19:15,KCR
8/7/2018 12:45,SFG
8/7/2018 18:40,ARI
8/7/2018 18:40,COL
8/7/2018 19:05,OAK
8/7/2018 19:05,WAS
8/7/2018 19:05,TEX
8/7/2018 19:07,TOR
8/7/2018 19:07,LAA
8/7/2018 19:10,MIL
8/7/2018 19:10,NYM
8/7/2018 19:10,CLE
8/7/2018 19:10,CWS
8/7/2018 19:10,MIA
8/7/2018 19:10,TBR
8/7/2018 19:15,KCR
8/8/2018 12:10,NYM
8/8/2018 12:40,ARI
8/8/2018 13:05,TEX
8/8/2018 13:07,LAA
8/8/2018 13:10,COL
8/8/2018 19:05,OAK
8/8/2018 19:05,WAS
8/8/2018 19:07,TOR
8/8/2018 19:10,MIL
8/8/2018 19:10,CLE
8/8/2018 19:10,CWS
8/8/2018 19:10,MIA
8/8/2018 19:10,TBR
8/8/2018 19:15,KCR
8/9/2018 13:05,WAS
8/9/2018 13:10,MIL
8/9/2018 13:10,CLE
8/9/2018 18:40,COL
8/9/2018 19:05,NYY
8/9/2018 19:07,TOR
8/9/2018 19:10,HOU
8/9/2018 19:10,TBR
8/9/2018 19:15,SFG
8/10/2018 13:20,CHC
8/10/2018 18:40,COL
8/10/2018 19:05,BAL
8/10/2018 19:05,NYY
8/10/2018 19:07,TOR
8/10/2018 19:07,LAA
8/10/2018 19:10,DET
8/10/2018 19:10,HOU
8/10/2018 19:10,CIN
8/10/2018 19:10,SDP
8/10/2018 19:10,CWS
8/10/2018 19:10,MIA
8/10/2018 19:15,SFG
8/10/2018 19:15,KCR
8/10/2018 19:35,ATL
8/11/2018 13:05,NYY
8/11/2018 16:07,TOR
8/11/2018 17:40,SDP
8/11/2018 18:07,LAA
8/11/2018 18:10,DET
8/11/2018 18:10,HOU
8/11/2018 18:10,COL
8/11/2018 18:10,CWS
8/11/2018 18:15,KCR
8/11/2018 18:40,CIN
8/11/2018 19:05,BAL
8/11/2018 19:10,ATL
8/11/2018 19:10,MIA
8/12/2018 12:40,SDP
8/12/2018 13:05,BAL
8/12/2018 13:05,SFG
8/12/2018 13:05,NYY
8/12/2018 13:07,TOR
8/12/2018 13:07,LAA
8/12/2018 13:10,DET
8/12/2018 13:10,HOU
8/12/2018 13:10,CIN
8/12/2018 13:10,COL
8/12/2018 13:10,CWS
8/12/2018 13:10,MIA
8/12/2018 13:15,KCR
8/12/2018 13:35,ATL
8/13/2018 19:05,OAK
8/13/2018 19:05,TEX
8/13/2018 19:10,DET
8/13/2018 19:10,CIN
8/13/2018 19:10,SDP
8/13/2018 19:10,LAD
8/13/2018 19:15,STL
8/13/2018 19:15,KCR
8/13/2018 19:35,ATL
8/14/2018 13:20,CHC
8/14/2018 19:05,BAL
8/14/2018 19:05,NYY
8/14/2018 19:05,OAK
8/14/2018 19:05,PHI
8/14/2018 19:05,TEX
8/14/2018 19:10,DET
8/14/2018 19:10,HOU
8/14/2018 19:10,MIN
8/14/2018 19:10,CIN
8/14/2018 19:10,SDP
8/14/2018 19:10,LAD
8/14/2018 19:15,STL
8/14/2018 19:15,KCR
8/14/2018 19:35,ATL
8/15/2018 12:10,MIN
8/15/2018 12:35,OAK
8/15/2018 13:10,DET
8/15/2018 13:20,CHC
8/15/2018 18:10,SDP
8/15/2018 19:05,BAL
8/15/2018 19:05,NYY
8/15/2018 19:05,PHI
8/15/2018 19:10,HOU
8/15/2018 19:10,CIN
8/15/2018 19:10,LAD
8/15/2018 19:15,STL
8/15/2018 19:15,KCR
8/15/2018 19:35,ATL
8/16/2018 13:05,NYY
8/16/2018 18:15,STL
8/16/2018 19:05,PHI
8/16/2018 19:05,PIT
8/16/2018 19:05,TEX
8/16/2018 19:10,MIN
8/16/2018 19:10,SDP
8/16/2018 19:15,KCR
8/16/2018 19:35,ATL
8/17/2018 18:05,PHI
8/17/2018 19:05,NYY
8/17/2018 19:05,OAK
8/17/2018 19:05,PIT
8/17/2018 19:05,WAS
8/17/2018 19:05,TEX
8/17/2018 19:10,BOS
8/17/2018 19:10,MIN
8/17/2018 19:10,SEA
8/17/2018 19:10,CIN
8/17/2018 19:10,SDP
8/17/2018 19:10,CLE
8/17/2018 19:10,CWS
8/17/2018 19:15,STL
8/17/2018 19:35,ATL
8/18/2018 13:05,OAK
8/18/2018 13:05,NYY
8/18/2018 13:10,SEA
8/18/2018 16:05,PHI
8/18/2018 16:10,CLE
8/18/2018 17:40,SDP
8/18/2018 18:10,MIN
8/18/2018 18:10,CWS
8/18/2018 18:15,STL
8/18/2018 19:05,PIT
8/18/2018 19:05,WAS
8/18/2018 19:05,TEX
8/18/2018 19:10,BOS
8/18/2018 19:10,CIN
8/18/2018 19:10,ATL
8/19/2018 13:05,BOS
8/19/2018 13:05,OAK
8/19/2018 13:05,NYY
8/19/2018 13:10,MIN
8/19/2018 13:10,SEA
8/19/2018 13:10,CIN
8/19/2018 13:10,SDP
8/19/2018 13:10,CLE
8/19/2018 13:10,CWS
8/19/2018 13:15,STL
8/19/2018 13:35,PIT
8/19/2018 13:35,WAS
8/19/2018 13:35,ATL
8/19/2018 14:05,TEX
8/20/2018 19:05,OAK
8/20/2018 19:05,PIT
8/20/2018 19:07,TOR
8/20/2018 19:10,BOS
8/20/2018 19:10,SEA
8/20/2018 19:10,MIL
8/20/2018 19:10,NYM
8/20/2018 19:10,LAD
8/20/2018 19:10,TBR
8/21/2018 18:40,ARI
8/21/2018 18:40,COL
8/21/2018 19:05,OAK
8/21/2018 19:05,PIT
8/21/2018 19:05,WAS
8/21/2018 19:07,TOR
8/21/2018 19:10,BOS
8/21/2018 19:10,DET
8/21/2018 19:10,SEA
8/21/2018 19:10,MIL
8/21/2018 19:10,NYM
8/21/2018 19:10,CWS
8/21/2018 19:10,LAD
8/21/2018 19:10,MIA
8/21/2018 19:10,TBR
8/22/2018 12:35,OAK
8/22/2018 12:37,TOR
8/22/2018 13:10,SEA
8/22/2018 13:10,MIL
8/22/2018 13:10,CWS
8/22/2018 18:40,ARI
8/22/2018 18:40,COL
8/22/2018 19:05,PIT
8/22/2018 19:05,WAS
8/22/2018 19:10,BOS
8/22/2018 19:10,DET
8/22/2018 19:10,NYM
8/22/2018 19:10,LAD
8/22/2018 19:10,MIA
8/22/2018 19:10,TBR
8/23/2018 13:05,BOS
8/23/2018 13:05,WAS
8/23/2018 13:10,DET
8/23/2018 13:10,COL
8/23/2018 13:10,NYM
8/23/2018 19:05,CHC
8/23/2018 19:10,MIN
8/23/2018 19:10,MIA
8/23/2018 19:10,TBR
8/24/2018 13:20,CHC
8/24/2018 18:40,ARI
8/24/2018 18:40,COL
8/24/2018 19:05,BAL
8/24/2018 19:07,TOR
8/24/2018 19:07,LAA
8/24/2018 19:10,DET
8/24/2018 19:10,MIN
8/24/2018 19:10,MIL
8/24/2018 19:10,NYM
8/24/2018 19:10,LAD
8/24/2018 19:10,MIA
8/24/2018 19:10,TBR
8/24/2018 19:15,SFG
8/24/2018 19:15,KCR
8/25/2018 16:07,TOR
8/25/2018 17:10,ARI
8/25/2018 18:07,LAA
8/25/2018 18:10,DET
8/25/2018 18:10,MIN
8/25/2018 18:10,COL
8/25/2018 18:10,MIL
8/25/2018 18:10,LAD
8/25/2018 18:10,TBR
8/25/2018 18:15,KCR
8/25/2018 19:05,BAL
8/25/2018 19:10,NYM
8/25/2018 19:10,MIA
8/26/2018 13:05,BAL
8/26/2018 13:05,SFG
8/26/2018 13:07,TOR
8/26/2018 13:10,DET
8/26/2018 13:10,MIN
8/26/2018 13:10,ARI
8/26/2018 13:10,COL
8/26/2018 13:10,MIL
8/26/2018 13:10,NYM
8/26/2018 13:10,LAD
8/26/2018 13:10,MIA
8/26/2018 13:10,TBR
8/26/2018 13:15,KCR
8/27/2018 19:05,BAL
8/27/2018 19:05,NYY
8/27/2018 19:05,CHC
8/27/2018 19:05,PHI
8/27/2018 19:07,LAA
8/27/2018 19:10,HOU
8/27/2018 19:15,SFG
8/28/2018 19:05,BAL
8/28/2018 19:05,NYY
8/28/2018 19:05,CHC
8/28/2018 19:05,PHI
8/28/2018 19:05,TEX
8/28/2018 19:07,LAA
8/28/2018 19:10,BOS
8/28/2018 19:10,HOU
8/28/2018 19:10,CIN
8/28/2018 19:10,SDP
8/28/2018 19:10,CLE
8/28/2018 19:15,SFG
8/28/2018 19:15,STL
8/28/2018 19:15,KCR
8/28/2018 19:35,ATL
8/29/2018 12:40,SDP
8/29/2018 13:10,HOU
8/29/2018 13:15,KCR
8/29/2018 13:20,CHC
8/29/2018 18:35,BOS
8/29/2018 19:05,BAL
8/29/2018 19:05,NYY
8/29/2018 19:05,PHI
8/29/2018 19:05,TEX
8/29/2018 19:10,CIN
8/29/2018 19:10,CLE
8/29/2018 19:15,SFG
8/29/2018 19:15,STL
8/29/2018 19:35,ATL
8/30/2018 12:35,CIN
8/30/2018 13:10,CLE
8/30/2018 18:15,STL
8/30/2018 19:05,NYY
8/30/2018 19:05,OAK
8/30/2018 19:10,HOU
8/30/2018 19:10,SDP
8/30/2018 19:10,CWS
8/30/2018 19:10,LAD
8/31/2018 19:05,NYY
8/31/2018 19:05,OAK
8/31/2018 19:05,PHI
8/31/2018 19:05,WAS
8/31/2018 19:05,TEX
8/31/2018 19:10,HOU
8/31/2018 19:10,SDP
8/31/2018 19:10,CLE
8/31/2018 19:10,CWS
8/31/2018 19:10,LAD
8/31/2018 19:10,MIA
8/31/2018 19:15,SFG
8/31/2018 19:15,STL
8/31/2018 19:15,KCR
8/31/2018 19:35,ATL
9/1/2018 13:05,NYY
9/1/2018 17:40,SDP
9/1/2018 18:05,OAK
9/1/2018 18:10,HOU
9/1/2018 18:10,CWS
9/1/2018 18:10,LAD
9/1/2018 18:15,STL
9/1/2018 18:15,KCR
9/1/2018 19:05,PHI
9/1/2018 19:05,WAS
9/1/2018 19:05,TEX
9/1/2018 19:10,ATL
9/1/2018 19:10,CLE
9/1/2018 19:10,MIA
9/2/2018 13:05,NYY
9/2/2018 13:05,OAK
9/2/2018 13:05,SFG
9/2/2018 13:10,HOU
9/2/2018 13:10,SDP
9/2/2018 13:10,CWS
9/2/2018 13:10,LAD
9/2/2018 13:10,MIA
9/2/2018 13:15,STL
9/2/2018 13:15,KCR
9/2/2018 13:35,PHI
9/2/2018 13:35,WAS
9/2/2018 14:05,TEX
9/2/2018 16:10,CLE
9/2/2018 17:05,ATL
9/3/2018 13:05,OAK
9/3/2018 13:05,WAS
9/3/2018 13:10,HOU
9/3/2018 13:10,COL
9/3/2018 13:10,MIL
9/3/2018 13:10,CWS
9/3/2018 13:10,MIA
9/3/2018 13:35,PIT
9/3/2018 13:35,ATL
9/3/2018 16:10,CLE
9/3/2018 17:10,ARI
9/3/2018 17:10,LAD
9/3/2018 18:10,SEA
9/3/2018 19:05,TEX
9/3/2018 19:07,TOR
9/4/2018 18:40,ARI
9/4/2018 18:40,COL
9/4/2018 19:05,OAK
9/4/2018 19:05,PIT
9/4/2018 19:05,WAS
9/4/2018 19:05,TEX
9/4/2018 19:07,TOR
9/4/2018 19:10,HOU
9/4/2018 19:10,SEA
9/4/2018 19:10,MIL
9/4/2018 19:10,CLE
9/4/2018 19:10,CWS
9/4/2018 19:10,LAD
9/4/2018 19:10,MIA
9/4/2018 19:35,ATL
9/5/2018 12:10,ATL
9/5/2018 13:10,CLE
9/5/2018 16:15,LAD
9/5/2018 18:40,COL
9/5/2018 19:05,OAK
9/5/2018 19:05,PIT
9/5/2018 19:05,WAS
9/5/2018 19:05,TEX
9/5/2018 19:07,TOR
9/5/2018 19:10,HOU
9/5/2018 19:10,SEA
9/5/2018 19:10,MIL
9/5/2018 19:10,CWS
9/5/2018 19:10,MIA
9/6/2018 18:40,ARI
9/6/2018 18:40,CIN
9/6/2018 19:05,WAS
9/6/2018 19:07,TOR
9/7/2018 18:40,ARI
9/7/2018 18:40,CIN
9/7/2018 18:40,COL
9/7/2018 19:05,OAK
9/7/2018 19:05,PIT
9/7/2018 19:05,WAS
9/7/2018 19:07,TOR
9/7/2018 19:10,BOS
9/7/2018 19:10,DET
9/7/2018 19:10,MIN
9/7/2018 19:10,SEA
9/7/2018 19:10,MIL
9/7/2018 19:10,NYM
9/7/2018 19:10,CWS
9/7/2018 19:10,TBR
9/8/2018 13:05,OAK
9/8/2018 16:05,BOS
9/8/2018 16:07,TOR
9/8/2018 16:10,CIN
9/8/2018 17:10,ARI
9/8/2018 18:10,DET
9/8/2018 18:10,MIN
9/8/2018 18:10,SEA
9/8/2018 18:10,COL
9/8/2018 18:10,MIL
9/8/2018 18:10,CWS
9/8/2018 18:10,TBR
9/8/2018 19:05,PIT
9/8/2018 19:05,WAS
9/8/2018 19:10,NYM
9/9/2018 13:05,OAK
9/9/2018 13:07,TOR
9/9/2018 13:10,DET
9/9/2018 13:10,MIN
9/9/2018 13:10,SEA
9/9/2018 13:10,ARI
9/9/2018 13:10,CIN
9/9/2018 13:10,COL
9/9/2018 13:10,MIL
9/9/2018 13:10,NYM
9/9/2018 13:10,CWS
9/9/2018 13:10,TBR
9/9/2018 13:35,PIT
9/9/2018 13:35,WAS
9/10/2018 18:40,CIN
9/10/2018 18:40,COL
9/10/2018 19:05,CHC
9/10/2018 19:05,PHI
9/10/2018 19:07,LAA
9/10/2018 19:10,DET
9/10/2018 19:10,MIN
9/10/2018 19:10,NYM
9/10/2018 19:10,TBR
9/10/2018 19:15,SFG
9/10/2018 19:15,STL
9/10/2018 19:15,KCR
9/11/2018 18:40,CIN
9/11/2018 18:40,COL
9/11/2018 19:05,BAL
9/11/2018 19:05,CHC
9/11/2018 19:05,PHI
9/11/2018 19:07,LAA
9/11/2018 19:10,BOS
9/11/2018 19:10,DET
9/11/2018 19:10,MIN
9/11/2018 19:10,SEA
9/11/2018 19:10,NYM
9/11/2018 19:10,TBR
9/11/2018 19:15,SFG
9/11/2018 19:15,STL
9/11/2018 19:15,KCR
9/12/2018 12:15,STL
9/12/2018 12:35,CIN
9/12/2018 12:45,SFG
9/12/2018 13:10,DET
9/12/2018 13:10,TBR
9/12/2018 15:40,SEA
9/12/2018 18:40,COL
9/12/2018 19:05,BAL
9/12/2018 19:05,CHC
9/12/2018 19:05,PHI
9/12/2018 19:07,LAA
9/12/2018 19:10,BOS
9/12/2018 19:10,MIN
9/12/2018 19:10,NYM
9/12/2018 19:15,KCR
9/13/2018 13:10,COL
9/13/2018 18:15,STL
9/13/2018 19:05,BAL
9/13/2018 19:07,LAA
9/13/2018 19:10,BOS
9/13/2018 19:10,NYM
9/13/2018 19:15,KCR
9/14/2018 13:20,CHC
9/14/2018 19:05,BAL
9/14/2018 19:05,NYY
9/14/2018 19:05,PHI
9/14/2018 19:07,LAA
9/14/2018 19:10,BOS
9/14/2018 19:10,HOU
9/14/2018 19:10,MIL
9/14/2018 19:10,SDP
9/14/2018 19:10,CLE
9/14/2018 19:10,TBR
9/14/2018 19:15,SFG
9/14/2018 19:15,STL
9/14/2018 19:15,KCR
9/14/2018 19:35,ATL
9/15/2018 13:05,NYY
9/15/2018 13:05,CLE
9/15/2018 17:40,SDP
9/15/2018 18:07,LAA
9/15/2018 18:10,HOU
9/15/2018 18:10,MIL
9/15/2018 18:10,TBR
9/15/2018 18:15,STL
9/15/2018 18:15,KCR
9/15/2018 19:05,BAL
9/15/2018 19:05,PHI
9/15/2018 19:10,ATL
9/16/2018 13:05,BAL
9/16/2018 13:05,SFG
9/16/2018 13:05,NYY
9/16/2018 13:07,LAA
9/16/2018 13:10,HOU
9/16/2018 13:10,MIL
9/16/2018 13:10,SDP
9/16/2018 13:10,CLE
9/16/2018 13:10,TBR
9/16/2018 13:15,STL
9/16/2018 13:15,KCR
9/16/2018 13:35,PHI
9/16/2018 13:35,ATL
9/17/2018 18:40,ARI
9/17/2018 18:40,MIL
9/17/2018 19:05,BAL
9/17/2018 19:05,PHI
9/17/2018 19:05,PIT
9/17/2018 19:05,TEX
9/17/2018 19:10,DET
9/17/2018 19:10,HOU
9/17/2018 19:10,SDP
9/17/2018 19:10,LAD
9/17/2018 19:10,MIA
9/17/2018 19:35,ATL
9/18/2018 13:05,NYY
9/18/2018 18:40,ARI
9/18/2018 18:40,MIL
9/18/2018 19:05,BAL
9/18/2018 19:05,OAK
9/18/2018 19:05,PHI
9/18/2018 19:05,PIT
9/18/2018 19:05,TEX
9/18/2018 19:10,DET
9/18/2018 19:10,HOU
9/18/2018 19:10,SDP
9/18/2018 19:10,CLE
9/18/2018 19:10,LAD
9/18/2018 19:10,MIA
9/18/2018 19:35,ATL
9/19/2018 12:10,ATL
9/19/2018 13:05,TEX
9/19/2018 13:10,DET
9/19/2018 18:05,PHI
9/19/2018 18:10,SDP
9/19/2018 18:40,ARI
9/19/2018 18:40,MIL
9/19/2018 19:05,BAL
9/19/2018 19:05,NYY
9/19/2018 19:05,OAK
9/19/2018 19:05,PIT
9/19/2018 19:10,HOU
9/19/2018 19:10,CLE
9/19/2018 19:10,LAD
9/20/2018 12:35,OAK
9/20/2018 19:05,NYY
9/20/2018 19:05,WAS
9/20/2018 19:07,TOR
9/20/2018 19:10,DET
9/20/2018 19:10,CLE
9/20/2018 19:10,MIA
9/20/2018 19:35,ATL
9/21/2018 15:10,CWS
9/21/2018 18:40,ARI
9/21/2018 19:05,NYY
9/21/2018 19:05,OAK
9/21/2018 19:05,PIT
9/21/2018 19:05,WAS
9/21/2018 19:05,TEX
9/21/2018 19:07,TOR
9/21/2018 19:10,DET
9/21/2018 19:10,HOU
9/21/2018 19:10,CLE
9/21/2018 19:10,LAD
9/21/2018 19:10,MIA
9/21/2018 19:15,STL
9/21/2018 19:35,ATL
9/22/2018 16:05,WAS
9/22/2018 16:05,NYY
9/22/2018 16:07,TOR
9/22/2018 17:10,ARI
9/22/2018 18:05,OAK
9/22/2018 18:10,DET
9/22/2018 18:10,HOU
9/22/2018 18:10,CWS
9/22/2018 18:10,LAD
9/22/2018 18:15,STL
9/22/2018 19:05,PIT
9/22/2018 19:05,TEX
9/22/2018 19:10,ATL
9/22/2018 19:10,CLE
9/22/2018 19:10,MIA
9/23/2018 13:05,OAK
9/23/2018 13:05,NYY
9/23/2018 13:07,TOR
9/23/2018 13:10,DET
9/23/2018 13:10,HOU
9/23/2018 13:10,ARI
9/23/2018 13:10,CLE
9/23/2018 13:10,CWS
9/23/2018 13:10,LAD
9/23/2018 13:10,MIA
9/23/2018 13:15,STL
9/23/2018 13:35,PIT
9/23/2018 13:35,WAS
9/23/2018 13:35,ATL
9/23/2018 14:05,TEX
9/24/2018 18:40,ARI
9/24/2018 18:40,COL
9/24/2018 19:05,CHC
9/24/2018 19:05,WAS
9/24/2018 19:07,TOR
9/24/2018 19:07,LAA
9/24/2018 19:10,BOS
9/24/2018 19:10,SEA
9/24/2018 19:10,CWS
9/24/2018 19:10,TBR
9/24/2018 19:15,SFG
9/24/2018 19:15,STL
9/25/2018 18:40,ARI
9/25/2018 18:40,CIN
9/25/2018 18:40,COL
9/25/2018 19:05,CHC
9/25/2018 19:05,WAS
9/25/2018 19:07,TOR
9/25/2018 19:07,LAA
9/25/2018 19:10,BOS
9/25/2018 19:10,MIN
9/25/2018 19:10,SEA
9/25/2018 19:10,NYM
9/25/2018 19:10,CWS
9/25/2018 19:10,TBR
9/25/2018 19:15,SFG
9/25/2018 19:15,STL
9/26/2018 16:05,WAS
9/26/2018 16:07,TOR
9/26/2018 18:15,STL
9/26/2018 18:40,ARI
9/26/2018 18:40,CIN
9/26/2018 18:40,COL
9/26/2018 19:05,CHC
9/26/2018 19:07,LAA
9/26/2018 19:10,BOS
9/26/2018 19:10,MIN
9/26/2018 19:10,SEA
9/26/2018 19:10,NYM
9/26/2018 19:10,CWS
9/26/2018 19:10,TBR
9/26/2018 19:15,SFG
9/27/2018 13:10,COL
9/27/2018 13:10,TBR
9/27/2018 19:05,BAL
9/27/2018 19:05,CHC
9/27/2018 19:10,MIN
9/27/2018 19:10,SEA
9/27/2018 19:10,NYM
9/27/2018 19:15,KCR
9/28/2018 13:20,CHC
9/28/2018 18:10,COL
9/28/2018 18:40,CIN
9/28/2018 19:05,BAL
9/28/2018 19:05,PHI
9/28/2018 19:07,LAA
9/28/2018 19:10,BOS
9/28/2018 19:10,MIN
9/28/2018 19:10,SEA
9/28/2018 19:10,MIL
9/28/2018 19:10,NYM
9/28/2018 19:10,SDP
9/28/2018 19:10,TBR
9/28/2018 19:15,SFG
9/28/2018 19:15,KCR
9/29/2018 16:10,CIN
9/29/2018 17:40,SDP
9/29/2018 18:07,LAA
9/29/2018 18:10,MIN
9/29/2018 18:10,SEA
9/29/2018 18:10,COL
9/29/2018 18:10,MIL
9/29/2018 18:10,TBR
9/29/2018 18:15,KCR
9/29/2018 19:05,BAL
9/29/2018 19:05,PHI
9/29/2018 19:10,NYM
9/30/2018 12:05,SFG
9/30/2018 12:07,LAA
9/30/2018 12:10,SEA
9/30/2018 12:10,SDP
9/30/2018 13:10,COL
9/30/2018 14:10,MIN
9/30/2018 14:10,MIL
9/30/2018 14:15,KCR
9/30/2018 14:20,CHC
9/30/2018 15:05,BOS
9/30/2018 15:05,BAL
9/30/2018 15:05,PHI
9/30/2018 15:10,CIN
9/30/2018 15:10,NYM
9/30/2018 15:10,TBR
4/7/2018 13:05,SFG
4/28/2018 18:05,SFG
5/19/2018 13:05,SFG
6/2/2018 19:05,SFG
6/23/2018 13:05,SFG
7/7/2018 13:05,SFG
7/14/2018 19:05,SFG
7/28/2018 18:05,SFG
8/11/2018 18:05,SFG
8/25/2018 13:05,SFG
9/1/2018 13:05,SFG
9/15/2018 18:05,SFG
9/29/2018 13:05,SFG
5/31/2018 16:35,LAD
